<?xml version="1.0" encoding="UTF-8"?>
<!DOCTYPE mapper PUBLIC "-//mybatis.org//DTD Mapper 3.0//EN" "http://mybatis.org/dtd/mybatis-3-mapper.dtd">
<mapper namespace="cn.ideal.mapper.AccountProductorMapper">
  <resultMap id="BaseResultMap" type="cn.ideal.pojo.AccountProductor">
    <id column="id" jdbcType="BIGINT" property="id" />
    <result column="username" jdbcType="VARCHAR" property="username" />
    <result column="password" jdbcType="VARCHAR" property="password" />
    <result column="updated" jdbcType="TIMESTAMP" property="updated" />
    <result column="created" jdbcType="TIMESTAMP" property="created" />
    <result column="status" jdbcType="INTEGER" property="status" />
    <result column="companyzh" jdbcType="VARCHAR" property="companyzh" />
    <result column="companyen" jdbcType="VARCHAR" property="companyen" />
    <result column="mainbusiness" jdbcType="VARCHAR" property="mainbusiness" />
    <result column="location" jdbcType="VARCHAR" property="location" />
    <result column="type" jdbcType="VARCHAR" property="type" />
    <result column="turnover" jdbcType="BIGINT" property="turnover" />
    <result column="employees" jdbcType="BIGINT" property="employees" />
    <result column="website" jdbcType="VARCHAR" property="website" />
    <result column="ceo" jdbcType="VARCHAR" property="ceo" />
    <result column="logo" jdbcType="VARCHAR" property="logo" />
    <result column="phone" jdbcType="VARCHAR" property="phone" />
    <result column="email" jdbcType="VARCHAR" property="email" />
  </resultMap>
  <sql id="Example_Where_Clause">
    <where>
      <foreach collection="oredCriteria" item="criteria" separator="or">
        <if test="criteria.valid">
          <trim prefix="(" prefixOverrides="and" suffix=")">
            <foreach collection="criteria.criteria" item="criterion">
              <choose>
                <when test="criterion.noValue">
                  and ${criterion.condition}
                </when>
                <when test="criterion.singleValue">
                  and ${criterion.condition} #{criterion.value}
                </when>
                <when test="criterion.betweenValue">
                  and ${criterion.condition} #{criterion.value} and #{criterion.secondValue}
                </when>
                <when test="criterion.listValue">
                  and ${criterion.condition}
                  <foreach close=")" collection="criterion.value" item="listItem" open="(" separator=",">
                    #{listItem}
                  </foreach>
                </when>
              </choose>
            </foreach>
          </trim>
        </if>
      </foreach>
    </where>
  </sql>
  <sql id="Update_By_Example_Where_Clause">
    <where>
      <foreach collection="example.oredCriteria" item="criteria" separator="or">
        <if test="criteria.valid">
          <trim prefix="(" prefixOverrides="and" suffix=")">
            <foreach collection="criteria.criteria" item="criterion">
              <choose>
                <when test="criterion.noValue">
                  and ${criterion.condition}
                </when>
                <when test="criterion.singleValue">
                  and ${criterion.condition} #{criterion.value}
                </when>
                <when test="criterion.betweenValue">
                  and ${criterion.condition} #{criterion.value} and #{criterion.secondValue}
                </when>
                <when test="criterion.listValue">
                  and ${criterion.condition}
                  <foreach close=")" collection="criterion.value" item="listItem" open="(" separator=",">
                    #{listItem}
                  </foreach>
                </when>
              </choose>
            </foreach>
          </trim>
        </if>
      </foreach>
    </where>
  </sql>
  <sql id="Base_Column_List">
    id, username, password, updated, created, status, companyzh, companyen, mainbusiness, 
    location, type, turnover, employees, website, ceo, logo, phone, email
  </sql>
  <select id="selectByExample" parameterType="cn.ideal.pojo.AccountProductorExample" resultMap="BaseResultMap">
    select
    <if test="distinct">
      distinct
    </if>
    <include refid="Base_Column_List" />
    from account_productor
    <if test="_parameter != null">
      <include refid="Example_Where_Clause" />
    </if>
    <if test="orderByClause != null">
      order by ${orderByClause}
    </if>
  </select>
  <select id="selectByPrimaryKey" parameterType="java.lang.Long" resultMap="BaseResultMap">
    select 
    <include refid="Base_Column_List" />
    from account_productor
    where id = #{id,jdbcType=BIGINT}
  </select>
  <delete id="deleteByPrimaryKey" parameterType="java.lang.Long">
    delete from account_productor
    where id = #{id,jdbcType=BIGINT}
  </delete>
  <delete id="deleteByExample" parameterType="cn.ideal.pojo.AccountProductorExample">
    delete from account_productor
    <if test="_parameter != null">
      <include refid="Example_Where_Clause" />
    </if>
  </delete>
  <insert id="insert" parameterType="cn.ideal.pojo.AccountProductor">
    insert into account_productor (id, username, password, 
      updated, created, status, 
      companyzh, companyen, mainbusiness, 
      location, type, turnover, 
      employees, website, ceo, 
      logo, phone, email)
    values (#{id,jdbcType=BIGINT}, #{username,jdbcType=VARCHAR}, #{password,jdbcType=VARCHAR}, 
      #{updated,jdbcType=TIMESTAMP}, #{created,jdbcType=TIMESTAMP}, #{status,jdbcType=INTEGER}, 
      #{companyzh,jdbcType=VARCHAR}, #{companyen,jdbcType=VARCHAR}, #{mainbusiness,jdbcType=VARCHAR}, 
      #{location,jdbcType=VARCHAR}, #{type,jdbcType=VARCHAR}, #{turnover,jdbcType=BIGINT}, 
      #{employees,jdbcType=BIGINT}, #{website,jdbcType=VARCHAR}, #{ceo,jdbcType=VARCHAR}, 
      #{logo,jdbcType=VARCHAR}, #{phone,jdbcType=VARCHAR}, #{email,jdbcType=VARCHAR})
  </insert>
  <insert id="insertSelective" parameterType="cn.ideal.pojo.AccountProductor">
    insert into account_productor
    <trim prefix="(" suffix=")" suffixOverrides=",">
      <if test="id != null">
        id,
      </if>
      <if test="username != null">
        username,
      </if>
      <if test="password != null">
        password,
      </if>
      <if test="updated != null">
        updated,
      </if>
      <if test="created != null">
        created,
      </if>
      <if test="status != null">
        status,
      </if>
      <if test="companyzh != null">
        companyzh,
      </if>
      <if test="companyen != null">
        companyen,
      </if>
      <if test="mainbusiness != null">
        mainbusiness,
      </if>
      <if test="location != null">
        location,
      </if>
      <if test="type != null">
        type,
      </if>
      <if test="turnover != null">
        turnover,
      </if>
      <if test="employees != null">
        employees,
      </if>
      <if test="website != null">
        website,
      </if>
      <if test="ceo != null">
        ceo,
      </if>
      <if test="logo != null">
        logo,
      </if>
      <if test="phone != null">
        phone,
      </if>
      <if test="email != null">
        email,
      </if>
    </trim>
    <trim prefix="values (" suffix=")" suffixOverrides=",">
      <if test="id != null">
        #{id,jdbcType=BIGINT},
      </if>
      <if test="username != null">
        #{username,jdbcType=VARCHAR},
      </if>
      <if test="password != null">
        #{password,jdbcType=VARCHAR},
      </if>
      <if test="updated != null">
        #{updated,jdbcType=TIMESTAMP},
      </if>
      <if test="created != null">
        #{created,jdbcType=TIMESTAMP},
      </if>
      <if test="status != null">
        #{status,jdbcType=INTEGER},
      </if>
      <if test="companyzh != null">
        #{companyzh,jdbcType=VARCHAR},
      </if>
      <if test="companyen != null">
        #{companyen,jdbcType=VARCHAR},
      </if>
      <if test="mainbusiness != null">
        #{mainbusiness,jdbcType=VARCHAR},
      </if>
      <if test="location != null">
        #{location,jdbcType=VARCHAR},
      </if>
      <if test="type != null">
        #{type,jdbcType=VARCHAR},
      </if>
      <if test="turnover != null">
        #{turnover,jdbcType=BIGINT},
      </if>
      <if test="employees != null">
        #{employees,jdbcType=BIGINT},
      </if>
      <if test="website != null">
        #{website,jdbcType=VARCHAR},
      </if>
      <if test="ceo != null">
        #{ceo,jdbcType=VARCHAR},
      </if>
      <if test="logo != null">
        #{logo,jdbcType=VARCHAR},
      </if>
      <if test="phone != null">
        #{phone,jdbcType=VARCHAR},
      </if>
      <if test="email != null">
        #{email,jdbcType=VARCHAR},
      </if>
    </trim>
  </insert>
  <select id="countByExample" parameterType="cn.ideal.pojo.AccountProductorExample" resultType="java.lang.Integer">
    select count(*) from account_productor
    <if test="_parameter != null">
      <include refid="Example_Where_Clause" />
    </if>
  </select>
  <update id="updateByExampleSelective" parameterType="map">
    update account_productor
    <set>
      <if test="record.id != null">
        id = #{record.id,jdbcType=BIGINT},
      </if>
      <if test="record.username != null">
        username = #{record.username,jdbcType=VARCHAR},
      </if>
      <if test="record.password != null">
        password = #{record.password,jdbcType=VARCHAR},
      </if>
      <if test="record.updated != null">
        updated = #{record.updated,jdbcType=TIMESTAMP},
      </if>
      <if test="record.created != null">
        created = #{record.created,jdbcType=TIMESTAMP},
      </if>
      <if test="record.status != null">
        status = #{record.status,jdbcType=INTEGER},
      </if>
      <if test="record.companyzh != null">
        companyzh = #{record.companyzh,jdbcType=VARCHAR},
      </if>
      <if test="record.companyen != null">
        companyen = #{record.companyen,jdbcType=VARCHAR},
      </if>
      <if test="record.mainbusiness != null">
        mainbusiness = #{record.mainbusiness,jdbcType=VARCHAR},
      </if>
      <if test="record.location != null">
        location = #{record.location,jdbcType=VARCHAR},
      </if>
      <if test="record.type != null">
        type = #{record.type,jdbcType=VARCHAR},
      </if>
      <if test="record.turnover != null">
        turnover = #{record.turnover,jdbcType=BIGINT},
      </if>
      <if test="record.employees != null">
        employees = #{record.employees,jdbcType=BIGINT},
      </if>
      <if test="record.website != null">
        website = #{record.website,jdbcType=VARCHAR},
      </if>
      <if test="record.ceo != null">
        ceo = #{record.ceo,jdbcType=VARCHAR},
      </if>
      <if test="record.logo != null">
        logo = #{record.logo,jdbcType=VARCHAR},
      </if>
      <if test="record.phone != null">
        phone = #{record.phone,jdbcType=VARCHAR},
      </if>
      <if test="record.email != null">
        email = #{record.email,jdbcType=VARCHAR},
      </if>
    </set>
    <if test="_parameter != null">
      <include refid="Update_By_Example_Where_Clause" />
    </if>
  </update>
  <update id="updateByExample" parameterType="map">
    update account_productor
    set id = #{record.id,jdbcType=BIGINT},
      username = #{record.username,jdbcType=VARCHAR},
      password = #{record.password,jdbcType=VARCHAR},
      updated = #{record.updated,jdbcType=TIMESTAMP},
      created = #{record.created,jdbcType=TIMESTAMP},
      status = #{record.status,jdbcType=INTEGER},
      companyzh = #{record.companyzh,jdbcType=VARCHAR},
      companyen = #{record.companyen,jdbcType=VARCHAR},
      mainbusiness = #{record.mainbusiness,jdbcType=VARCHAR},
      location = #{record.location,jdbcType=VARCHAR},
      type = #{record.type,jdbcType=VARCHAR},
      turnover = #{record.turnover,jdbcType=BIGINT},
      employees = #{record.employees,jdbcType=BIGINT},
      website = #{record.website,jdbcType=VARCHAR},
      ceo = #{record.ceo,jdbcType=VARCHAR},
      logo = #{record.logo,jdbcType=VARCHAR},
      phone = #{record.phone,jdbcType=VARCHAR},
      email = #{record.email,jdbcType=VARCHAR}
    <if test="_parameter != null">
      <include refid="Update_By_Example_Where_Clause" />
    </if>
  </update>
  <update id="updateByPrimaryKeySelective" parameterType="cn.ideal.pojo.AccountProductor">
    update account_productor
    <set>
      <if test="username != null">
        username = #{username,jdbcType=VARCHAR},
      </if>
      <if test="password != null">
        password = #{password,jdbcType=VARCHAR},
      </if>
      <if test="updated != null">
        updated = #{updated,jdbcType=TIMESTAMP},
      </if>
      <if test="created != null">
        created = #{created,jdbcType=TIMESTAMP},
      </if>
      <if test="status != null">
        status = #{status,jdbcType=INTEGER},
      </if>
      <if test="companyzh != null">
        companyzh = #{companyzh,jdbcType=VARCHAR},
      </if>
      <if test="companyen != null">
        companyen = #{companyen,jdbcType=VARCHAR},
      </if>
      <if test="mainbusiness != null">
        mainbusiness = #{mainbusiness,jdbcType=VARCHAR},
      </if>
      <if test="location != null">
        location = #{location,jdbcType=VARCHAR},
      </if>
      <if test="type != null">
        type = #{type,jdbcType=VARCHAR},
      </if>
      <if test="turnover != null">
        turnover = #{turnover,jdbcType=BIGINT},
      </if>
      <if test="employees != null">
        employees = #{employees,jdbcType=BIGINT},
      </if>
      <if test="website != null">
        website = #{website,jdbcType=VARCHAR},
      </if>
      <if test="ceo != null">
        ceo = #{ceo,jdbcType=VARCHAR},
      </if>
      <if test="logo != null">
        logo = #{logo,jdbcType=VARCHAR},
      </if>
      <if test="phone != null">
        phone = #{phone,jdbcType=VARCHAR},
      </if>
      <if test="email != null">
        email = #{email,jdbcType=VARCHAR},
      </if>
    </set>
    where id = #{id,jdbcType=BIGINT}
  </update>
  <update id="updateByPrimaryKey" parameterType="cn.ideal.pojo.AccountProductor">
    update account_productor
    set username = #{username,jdbcType=VARCHAR},
      password = #{password,jdbcType=VARCHAR},
      updated = #{updated,jdbcType=TIMESTAMP},
      created = #{created,jdbcType=TIMESTAMP},
      status = #{status,jdbcType=INTEGER},
      companyzh = #{companyzh,jdbcType=VARCHAR},
      companyen = #{companyen,jdbcType=VARCHAR},
      mainbusiness = #{mainbusiness,jdbcType=VARCHAR},
      location = #{location,jdbcType=VARCHAR},
      type = #{type,jdbcType=VARCHAR},
      turnover = #{turnover,jdbcType=BIGINT},
      employees = #{employees,jdbcType=BIGINT},
      website = #{website,jdbcType=VARCHAR},
      ceo = #{ceo,jdbcType=VARCHAR},
      logo = #{logo,jdbcType=VARCHAR},
      phone = #{phone,jdbcType=VARCHAR},
      email = #{email,jdbcType=VARCHAR}
    where id = #{id,jdbcType=BIGINT}
  </update>
  <resultMap id="BaseResultMap" type="cn.ideal.pojo.AccountProductor">
    <id column="id" jdbcType="BIGINT" property="id" />
    <result column="username" jdbcType="VARCHAR" property="username" />
    <result column="password" jdbcType="VARCHAR" property="password" />
    <result column="updated" jdbcType="TIMESTAMP" property="updated" />
    <result column="created" jdbcType="TIMESTAMP" property="created" />
    <result column="status" jdbcType="INTEGER" property="status" />
    <result column="companyzh" jdbcType="VARCHAR" property="companyzh" />
    <result column="companyen" jdbcType="VARCHAR" property="companyen" />
    <result column="mainbusiness" jdbcType="VARCHAR" property="mainbusiness" />
    <result column="location" jdbcType="VARCHAR" property="location" />
    <result column="type" jdbcType="VARCHAR" property="type" />
    <result column="turnover" jdbcType="BIGINT" property="turnover" />
    <result column="employees" jdbcType="BIGINT" property="employees" />
    <result column="website" jdbcType="VARCHAR" property="website" />
    <result column="ceo" jdbcType="VARCHAR" property="ceo" />
    <result column="logo" jdbcType="VARCHAR" property="logo" />
    <result column="phone" jdbcType="VARCHAR" property="phone" />
    <result column="email" jdbcType="VARCHAR" property="email" />
  </resultMap>
  <sql id="Example_Where_Clause">
    <where>
      <foreach collection="oredCriteria" item="criteria" separator="or">
        <if test="criteria.valid">
          <trim prefix="(" prefixOverrides="and" suffix=")">
            <foreach collection="criteria.criteria" item="criterion">
              <choose>
                <when test="criterion.noValue">
                  and ${criterion.condition}
                </when>
                <when test="criterion.singleValue">
                  and ${criterion.condition} #{criterion.value}
                </when>
                <when test="criterion.betweenValue">
                  and ${criterion.condition} #{criterion.value} and #{criterion.secondValue}
                </when>
                <when test="criterion.listValue">
                  and ${criterion.condition}
                  <foreach close=")" collection="criterion.value" item="listItem" open="(" separator=",">
                    #{listItem}
                  </foreach>
                </when>
              </choose>
            </foreach>
          </trim>
        </if>
      </foreach>
    </where>
  </sql>
  <sql id="Update_By_Example_Where_Clause">
    <where>
      <foreach collection="example.oredCriteria" item="criteria" separator="or">
        <if test="criteria.valid">
          <trim prefix="(" prefixOverrides="and" suffix=")">
            <foreach collection="criteria.criteria" item="criterion">
              <choose>
                <when test="criterion.noValue">
                  and ${criterion.condition}
                </when>
                <when test="criterion.singleValue">
                  and ${criterion.condition} #{criterion.value}
                </when>
                <when test="criterion.betweenValue">
                  and ${criterion.condition} #{criterion.value} and #{criterion.secondValue}
                </when>
                <when test="criterion.listValue">
                  and ${criterion.condition}
                  <foreach close=")" collection="criterion.value" item="listItem" open="(" separator=",">
                    #{listItem}
                  </foreach>
                </when>
              </choose>
            </foreach>
          </trim>
        </if>
      </foreach>
    </where>
  </sql>
  <sql id="Base_Column_List">
    id, username, password, updated, created, status, companyzh, companyen, mainbusiness, 
    location, type, turnover, employees, website, ceo, logo, phone, email
  </sql>
  <select id="selectByExample" parameterType="cn.ideal.pojo.AccountProductorExample" resultMap="BaseResultMap">
    select
    <if test="distinct">
      distinct
    </if>
    <include refid="Base_Column_List" />
    from account_productor
    <if test="_parameter != null">
      <include refid="Example_Where_Clause" />
    </if>
    <if test="orderByClause != null">
      order by ${orderByClause}
    </if>
  </select>
  <select id="selectByPrimaryKey" parameterType="java.lang.Long" resultMap="BaseResultMap">
    select 
    <include refid="Base_Column_List" />
    from account_productor
    where id = #{id,jdbcType=BIGINT}
  </select>
  <delete id="deleteByPrimaryKey" parameterType="java.lang.Long">
    delete from account_productor
    where id = #{id,jdbcType=BIGINT}
  </delete>
  <delete id="deleteByExample" parameterType="cn.ideal.pojo.AccountProductorExample">
    delete from account_productor
    <if test="_parameter != null">
      <include refid="Example_Where_Clause" />
    </if>
  </delete>
  <insert id="insert" parameterType="cn.ideal.pojo.AccountProductor">
    insert into account_productor (id, username, password, 
      updated, created, status, 
      companyzh, companyen, mainbusiness, 
      location, type, turnover, 
      employees, website, ceo, 
      logo, phone, email)
    values (#{id,jdbcType=BIGINT}, #{username,jdbcType=VARCHAR}, #{password,jdbcType=VARCHAR}, 
      #{updated,jdbcType=TIMESTAMP}, #{created,jdbcType=TIMESTAMP}, #{status,jdbcType=INTEGER}, 
      #{companyzh,jdbcType=VARCHAR}, #{companyen,jdbcType=VARCHAR}, #{mainbusiness,jdbcType=VARCHAR}, 
      #{location,jdbcType=VARCHAR}, #{type,jdbcType=VARCHAR}, #{turnover,jdbcType=BIGINT}, 
      #{employees,jdbcType=BIGINT}, #{website,jdbcType=VARCHAR}, #{ceo,jdbcType=VARCHAR}, 
      #{logo,jdbcType=VARCHAR}, #{phone,jdbcType=VARCHAR}, #{email,jdbcType=VARCHAR})
  </insert>
  <insert id="insertSelective" parameterType="cn.ideal.pojo.AccountProductor">
    insert into account_productor
    <trim prefix="(" suffix=")" suffixOverrides=",">
      <if test="id != null">
        id,
      </if>
      <if test="username != null">
        username,
      </if>
      <if test="password != null">
        password,
      </if>
      <if test="updated != null">
        updated,
      </if>
      <if test="created != null">
        created,
      </if>
      <if test="status != null">
        status,
      </if>
      <if test="companyzh != null">
        companyzh,
      </if>
      <if test="companyen != null">
        companyen,
      </if>
      <if test="mainbusiness != null">
        mainbusiness,
      </if>
      <if test="location != null">
        location,
      </if>
      <if test="type != null">
        type,
      </if>
      <if test="turnover != null">
        turnover,
      </if>
      <if test="employees != null">
        employees,
      </if>
      <if test="website != null">
        website,
      </if>
      <if test="ceo != null">
        ceo,
      </if>
      <if test="logo != null">
        logo,
      </if>
      <if test="phone != null">
        phone,
      </if>
      <if test="email != null">
        email,
      </if>
    </trim>
    <trim prefix="values (" suffix=")" suffixOverrides=",">
      <if test="id != null">
        #{id,jdbcType=BIGINT},
      </if>
      <if test="username != null">
        #{username,jdbcType=VARCHAR},
      </if>
      <if test="password != null">
        #{password,jdbcType=VARCHAR},
      </if>
      <if test="updated != null">
        #{updated,jdbcType=TIMESTAMP},
      </if>
      <if test="created != null">
        #{created,jdbcType=TIMESTAMP},
      </if>
      <if test="status != null">
        #{status,jdbcType=INTEGER},
      </if>
      <if test="companyzh != null">
        #{companyzh,jdbcType=VARCHAR},
      </if>
      <if test="companyen != null">
        #{companyen,jdbcType=VARCHAR},
      </if>
      <if test="mainbusiness != null">
        #{mainbusiness,jdbcType=VARCHAR},
      </if>
      <if test="location != null">
        #{location,jdbcType=VARCHAR},
      </if>
      <if test="type != null">
        #{type,jdbcType=VARCHAR},
      </if>
      <if test="turnover != null">
        #{turnover,jdbcType=BIGINT},
      </if>
      <if test="employees != null">
        #{employees,jdbcType=BIGINT},
      </if>
      <if test="website != null">
        #{website,jdbcType=VARCHAR},
      </if>
      <if test="ceo != null">
        #{ceo,jdbcType=VARCHAR},
      </if>
      <if test="logo != null">
        #{logo,jdbcType=VARCHAR},
      </if>
      <if test="phone != null">
        #{phone,jdbcType=VARCHAR},
      </if>
      <if test="email != null">
        #{email,jdbcType=VARCHAR},
      </if>
    </trim>
  </insert>
  <select id="countByExample" parameterType="cn.ideal.pojo.AccountProductorExample" resultType="java.lang.Integer">
    select count(*) from account_productor
    <if test="_parameter != null">
      <include refid="Example_Where_Clause" />
    </if>
  </select>
  <update id="updateByExampleSelective" parameterType="map">
    update account_productor
    <set>
      <if test="record.id != null">
        id = #{record.id,jdbcType=BIGINT},
      </if>
      <if test="record.username != null">
        username = #{record.username,jdbcType=VARCHAR},
      </if>
      <if test="record.password != null">
        password = #{record.password,jdbcType=VARCHAR},
      </if>
      <if test="record.updated != null">
        updated = #{record.updated,jdbcType=TIMESTAMP},
      </if>
      <if test="record.created != null">
        created = #{record.created,jdbcType=TIMESTAMP},
      </if>
      <if test="record.status != null">
        status = #{record.status,jdbcType=INTEGER},
      </if>
      <if test="record.companyzh != null">
        companyzh = #{record.companyzh,jdbcType=VARCHAR},
      </if>
      <if test="record.companyen != null">
        companyen = #{record.companyen,jdbcType=VARCHAR},
      </if>
      <if test="record.mainbusiness != null">
        mainbusiness = #{record.mainbusiness,jdbcType=VARCHAR},
      </if>
      <if test="record.location != null">
        location = #{record.location,jdbcType=VARCHAR},
      </if>
      <if test="record.type != null">
        type = #{record.type,jdbcType=VARCHAR},
      </if>
      <if test="record.turnover != null">
        turnover = #{record.turnover,jdbcType=BIGINT},
      </if>
      <if test="record.employees != null">
        employees = #{record.employees,jdbcType=BIGINT},
      </if>
      <if test="record.website != null">
        website = #{record.website,jdbcType=VARCHAR},
      </if>
      <if test="record.ceo != null">
        ceo = #{record.ceo,jdbcType=VARCHAR},
      </if>
      <if test="record.logo != null">
        logo = #{record.logo,jdbcType=VARCHAR},
      </if>
      <if test="record.phone != null">
        phone = #{record.phone,jdbcType=VARCHAR},
      </if>
      <if test="record.email != null">
        email = #{record.email,jdbcType=VARCHAR},
      </if>
    </set>
    <if test="_parameter != null">
      <include refid="Update_By_Example_Where_Clause" />
    </if>
  </update>
  <update id="updateByExample" parameterType="map">
    update account_productor
    set id = #{record.id,jdbcType=BIGINT},
      username = #{record.username,jdbcType=VARCHAR},
      password = #{record.password,jdbcType=VARCHAR},
      updated = #{record.updated,jdbcType=TIMESTAMP},
      created = #{record.created,jdbcType=TIMESTAMP},
      status = #{record.status,jdbcType=INTEGER},
      companyzh = #{record.companyzh,jdbcType=VARCHAR},
      companyen = #{record.companyen,jdbcType=VARCHAR},
      mainbusiness = #{record.mainbusiness,jdbcType=VARCHAR},
      location = #{record.location,jdbcType=VARCHAR},
      type = #{record.type,jdbcType=VARCHAR},
      turnover = #{record.turnover,jdbcType=BIGINT},
      employees = #{record.employees,jdbcType=BIGINT},
      website = #{record.website,jdbcType=VARCHAR},
      ceo = #{record.ceo,jdbcType=VARCHAR},
      logo = #{record.logo,jdbcType=VARCHAR},
      phone = #{record.phone,jdbcType=VARCHAR},
      email = #{record.email,jdbcType=VARCHAR}
    <if test="_parameter != null">
      <include refid="Update_By_Example_Where_Clause" />
    </if>
  </update>
  <update id="updateByPrimaryKeySelective" parameterType="cn.ideal.pojo.AccountProductor">
    update account_productor
    <set>
      <if test="username != null">
        username = #{username,jdbcType=VARCHAR},
      </if>
      <if test="password != null">
        password = #{password,jdbcType=VARCHAR},
      </if>
      <if test="updated != null">
        updated = #{updated,jdbcType=TIMESTAMP},
      </if>
      <if test="created != null">
        created = #{created,jdbcType=TIMESTAMP},
      </if>
      <if test="status != null">
        status = #{status,jdbcType=INTEGER},
      </if>
      <if test="companyzh != null">
        companyzh = #{companyzh,jdbcType=VARCHAR},
      </if>
      <if test="companyen != null">
        companyen = #{companyen,jdbcType=VARCHAR},
      </if>
      <if test="mainbusiness != null">
        mainbusiness = #{mainbusiness,jdbcType=VARCHAR},
      </if>
      <if test="location != null">
        location = #{location,jdbcType=VARCHAR},
      </if>
      <if test="type != null">
        type = #{type,jdbcType=VARCHAR},
      </if>
      <if test="turnover != null">
        turnover = #{turnover,jdbcType=BIGINT},
      </if>
      <if test="employees != null">
        employees = #{employees,jdbcType=BIGINT},
      </if>
      <if test="website != null">
        website = #{website,jdbcType=VARCHAR},
      </if>
      <if test="ceo != null">
        ceo = #{ceo,jdbcType=VARCHAR},
      </if>
      <if test="logo != null">
        logo = #{logo,jdbcType=VARCHAR},
      </if>
      <if test="phone != null">
        phone = #{phone,jdbcType=VARCHAR},
      </if>
      <if test="email != null">
        email = #{email,jdbcType=VARCHAR},
      </if>
    </set>
    where id = #{id,jdbcType=BIGINT}
  </update>
  <update id="updateByPrimaryKey" parameterType="cn.ideal.pojo.AccountProductor">
    update account_productor
    set username = #{username,jdbcType=VARCHAR},
      password = #{password,jdbcType=VARCHAR},
      updated = #{updated,jdbcType=TIMESTAMP},
      created = #{created,jdbcType=TIMESTAMP},
      status = #{status,jdbcType=INTEGER},
      companyzh = #{companyzh,jdbcType=VARCHAR},
      companyen = #{companyen,jdbcType=VARCHAR},
      mainbusiness = #{mainbusiness,jdbcType=VARCHAR},
      location = #{location,jdbcType=VARCHAR},
      type = #{type,jdbcType=VARCHAR},
      turnover = #{turnover,jdbcType=BIGINT},
      employees = #{employees,jdbcType=BIGINT},
      website = #{website,jdbcType=VARCHAR},
      ceo = #{ceo,jdbcType=VARCHAR},
      logo = #{logo,jdbcType=VARCHAR},
      phone = #{phone,jdbcType=VARCHAR},
      email = #{email,jdbcType=VARCHAR}
    where id = #{id,jdbcType=BIGINT}
  </update>
</mapper>