<?xml version="1.0" encoding="UTF-8" ?>
<!DOCTYPE mapper PUBLIC "-//mybatis.org//DTD Mapper 3.0//EN" "http://mybatis.org/dtd/mybatis-3-mapper.dtd" >
<mapper namespace="cn.ideal.mapper.AccountManagerMapper" >
  <resultMap id="BaseResultMap" type="cn.ideal.pojo.AccountManager" >
    <id column="id" property="id" jdbcType="BIGINT" />
    <result column="username" property="username" jdbcType="VARCHAR" />
    <result column="password" property="password" jdbcType="VARCHAR" />
    <result column="created" property="created" jdbcType="TIMESTAMP" />
    <result column="updated" property="updated" jdbcType="TIMESTAMP" />
    <result column="hometown" property="hometown" jdbcType="VARCHAR" />
    <result column="politicsstatus" property="politicsstatus" jdbcType="VARCHAR" />
    <result column="birthday" property="birthday" jdbcType="DATE" />
    <result column="education" property="education" jdbcType="VARCHAR" />
    <result column="hiredate" property="hiredate" jdbcType="DATE" />
    <result column="jobnum" property="jobnum" jdbcType="BIGINT" />
  </resultMap>
  <sql id="Example_Where_Clause" >
    <where >
      <foreach collection="oredCriteria" item="criteria" separator="or" >
        <if test="criteria.valid" >
          <trim prefix="(" suffix=")" prefixOverrides="and" >
            <foreach collection="criteria.criteria" item="criterion" >
              <choose >
                <when test="criterion.noValue" >
                  and ${criterion.condition}
                </when>
                <when test="criterion.singleValue" >
                  and ${criterion.condition} #{criterion.value}
                </when>
                <when test="criterion.betweenValue" >
                  and ${criterion.condition} #{criterion.value} and #{criterion.secondValue}
                </when>
                <when test="criterion.listValue" >
                  and ${criterion.condition}
                  <foreach collection="criterion.value" item="listItem" open="(" close=")" separator="," >
                    #{listItem}
                  </foreach>
                </when>
              </choose>
            </foreach>
          </trim>
        </if>
      </foreach>
    </where>
  </sql>
  <sql id="Update_By_Example_Where_Clause" >
    <where >
      <foreach collection="example.oredCriteria" item="criteria" separator="or" >
        <if test="criteria.valid" >
          <trim prefix="(" suffix=")" prefixOverrides="and" >
            <foreach collection="criteria.criteria" item="criterion" >
              <choose >
                <when test="criterion.noValue" >
                  and ${criterion.condition}
                </when>
                <when test="criterion.singleValue" >
                  and ${criterion.condition} #{criterion.value}
                </when>
                <when test="criterion.betweenValue" >
                  and ${criterion.condition} #{criterion.value} and #{criterion.secondValue}
                </when>
                <when test="criterion.listValue" >
                  and ${criterion.condition}
                  <foreach collection="criterion.value" item="listItem" open="(" close=")" separator="," >
                    #{listItem}
                  </foreach>
                </when>
              </choose>
            </foreach>
          </trim>
        </if>
      </foreach>
    </where>
  </sql>
  <sql id="Base_Column_List" >
    id, username, password, created, updated, hometown, politicsstatus, birthday, education, 
    hiredate, jobnum
  </sql>
  <select id="selectByExample" resultMap="BaseResultMap" parameterType="cn.ideal.pojo.AccountManagerExample" >
    select
    <if test="distinct" >
      distinct
    </if>
    <include refid="Base_Column_List" />
    from account_manager
    <if test="_parameter != null" >
      <include refid="Example_Where_Clause" />
    </if>
    <if test="orderByClause != null" >
      order by ${orderByClause}
    </if>
  </select>
  <select id="selectByPrimaryKey" resultMap="BaseResultMap" parameterType="java.lang.Long" >
    select 
    <include refid="Base_Column_List" />
    from account_manager
    where id = #{id,jdbcType=BIGINT}
  </select>
  <delete id="deleteByPrimaryKey" parameterType="java.lang.Long" >
    delete from account_manager
    where id = #{id,jdbcType=BIGINT}
  </delete>
  <delete id="deleteByExample" parameterType="cn.ideal.pojo.AccountManagerExample" >
    delete from account_manager
    <if test="_parameter != null" >
      <include refid="Example_Where_Clause" />
    </if>
  </delete>
  <insert id="insert" parameterType="cn.ideal.pojo.AccountManager" >
    insert into account_manager (id, username, password, 
      created, updated, hometown, 
      politicsstatus, birthday, education, 
      hiredate, jobnum)
    values (#{id,jdbcType=BIGINT}, #{username,jdbcType=VARCHAR}, #{password,jdbcType=VARCHAR}, 
      #{created,jdbcType=TIMESTAMP}, #{updated,jdbcType=TIMESTAMP}, #{hometown,jdbcType=VARCHAR}, 
      #{politicsstatus,jdbcType=VARCHAR}, #{birthday,jdbcType=DATE}, #{education,jdbcType=VARCHAR}, 
      #{hiredate,jdbcType=DATE}, #{jobnum,jdbcType=BIGINT})
  </insert>
  <insert id="insertSelective" parameterType="cn.ideal.pojo.AccountManager" >
    insert into account_manager
    <trim prefix="(" suffix=")" suffixOverrides="," >
      <if test="id != null" >
        id,
      </if>
      <if test="username != null" >
        username,
      </if>
      <if test="password != null" >
        password,
      </if>
      <if test="created != null" >
        created,
      </if>
      <if test="updated != null" >
        updated,
      </if>
      <if test="hometown != null" >
        hometown,
      </if>
      <if test="politicsstatus != null" >
        politicsstatus,
      </if>
      <if test="birthday != null" >
        birthday,
      </if>
      <if test="education != null" >
        education,
      </if>
      <if test="hiredate != null" >
        hiredate,
      </if>
      <if test="jobnum != null" >
        jobnum,
      </if>
    </trim>
    <trim prefix="values (" suffix=")" suffixOverrides="," >
      <if test="id != null" >
        #{id,jdbcType=BIGINT},
      </if>
      <if test="username != null" >
        #{username,jdbcType=VARCHAR},
      </if>
      <if test="password != null" >
        #{password,jdbcType=VARCHAR},
      </if>
      <if test="created != null" >
        #{created,jdbcType=TIMESTAMP},
      </if>
      <if test="updated != null" >
        #{updated,jdbcType=TIMESTAMP},
      </if>
      <if test="hometown != null" >
        #{hometown,jdbcType=VARCHAR},
      </if>
      <if test="politicsstatus != null" >
        #{politicsstatus,jdbcType=VARCHAR},
      </if>
      <if test="birthday != null" >
        #{birthday,jdbcType=DATE},
      </if>
      <if test="education != null" >
        #{education,jdbcType=VARCHAR},
      </if>
      <if test="hiredate != null" >
        #{hiredate,jdbcType=DATE},
      </if>
      <if test="jobnum != null" >
        #{jobnum,jdbcType=BIGINT},
      </if>
    </trim>
  </insert>
  <select id="countByExample" parameterType="cn.ideal.pojo.AccountManagerExample" resultType="java.lang.Integer" >
    select count(*) from account_manager
    <if test="_parameter != null" >
      <include refid="Example_Where_Clause" />
    </if>
  </select>
  <update id="updateByExampleSelective" parameterType="map" >
    update account_manager
    <set >
      <if test="record.id != null" >
        id = #{record.id,jdbcType=BIGINT},
      </if>
      <if test="record.username != null" >
        username = #{record.username,jdbcType=VARCHAR},
      </if>
      <if test="record.password != null" >
        password = #{record.password,jdbcType=VARCHAR},
      </if>
      <if test="record.created != null" >
        created = #{record.created,jdbcType=TIMESTAMP},
      </if>
      <if test="record.updated != null" >
        updated = #{record.updated,jdbcType=TIMESTAMP},
      </if>
      <if test="record.hometown != null" >
        hometown = #{record.hometown,jdbcType=VARCHAR},
      </if>
      <if test="record.politicsstatus != null" >
        politicsstatus = #{record.politicsstatus,jdbcType=VARCHAR},
      </if>
      <if test="record.birthday != null" >
        birthday = #{record.birthday,jdbcType=DATE},
      </if>
      <if test="record.education != null" >
        education = #{record.education,jdbcType=VARCHAR},
      </if>
      <if test="record.hiredate != null" >
        hiredate = #{record.hiredate,jdbcType=DATE},
      </if>
      <if test="record.jobnum != null" >
        jobnum = #{record.jobnum,jdbcType=BIGINT},
      </if>
    </set>
    <if test="_parameter != null" >
      <include refid="Update_By_Example_Where_Clause" />
    </if>
  </update>
  <update id="updateByExample" parameterType="map" >
    update account_manager
    set id = #{record.id,jdbcType=BIGINT},
      username = #{record.username,jdbcType=VARCHAR},
      password = #{record.password,jdbcType=VARCHAR},
      created = #{record.created,jdbcType=TIMESTAMP},
      updated = #{record.updated,jdbcType=TIMESTAMP},
      hometown = #{record.hometown,jdbcType=VARCHAR},
      politicsstatus = #{record.politicsstatus,jdbcType=VARCHAR},
      birthday = #{record.birthday,jdbcType=DATE},
      education = #{record.education,jdbcType=VARCHAR},
      hiredate = #{record.hiredate,jdbcType=DATE},
      jobnum = #{record.jobnum,jdbcType=BIGINT}
    <if test="_parameter != null" >
      <include refid="Update_By_Example_Where_Clause" />
    </if>
  </update>
  <update id="updateByPrimaryKeySelective" parameterType="cn.ideal.pojo.AccountManager" >
    update account_manager
    <set >
      <if test="username != null" >
        username = #{username,jdbcType=VARCHAR},
      </if>
      <if test="password != null" >
        password = #{password,jdbcType=VARCHAR},
      </if>
      <if test="created != null" >
        created = #{created,jdbcType=TIMESTAMP},
      </if>
      <if test="updated != null" >
        updated = #{updated,jdbcType=TIMESTAMP},
      </if>
      <if test="hometown != null" >
        hometown = #{hometown,jdbcType=VARCHAR},
      </if>
      <if test="politicsstatus != null" >
        politicsstatus = #{politicsstatus,jdbcType=VARCHAR},
      </if>
      <if test="birthday != null" >
        birthday = #{birthday,jdbcType=DATE},
      </if>
      <if test="education != null" >
        education = #{education,jdbcType=VARCHAR},
      </if>
      <if test="hiredate != null" >
        hiredate = #{hiredate,jdbcType=DATE},
      </if>
      <if test="jobnum != null" >
        jobnum = #{jobnum,jdbcType=BIGINT},
      </if>
    </set>
    where id = #{id,jdbcType=BIGINT}
  </update>
  <update id="updateByPrimaryKey" parameterType="cn.ideal.pojo.AccountManager" >
    update account_manager
    set username = #{username,jdbcType=VARCHAR},
      password = #{password,jdbcType=VARCHAR},
      created = #{created,jdbcType=TIMESTAMP},
      updated = #{updated,jdbcType=TIMESTAMP},
      hometown = #{hometown,jdbcType=VARCHAR},
      politicsstatus = #{politicsstatus,jdbcType=VARCHAR},
      birthday = #{birthday,jdbcType=DATE},
      education = #{education,jdbcType=VARCHAR},
      hiredate = #{hiredate,jdbcType=DATE},
      jobnum = #{jobnum,jdbcType=BIGINT}
    where id = #{id,jdbcType=BIGINT}
  </update>
</mapper>