<?xml version="1.0" encoding="UTF-8" ?>
<!DOCTYPE mapper PUBLIC "-//mybatis.org//DTD Mapper 3.0//EN" "http://mybatis.org/dtd/mybatis-3-mapper.dtd" >
<mapper namespace="cn.ideal.mapper.CommodityCatMapper" >
  <resultMap id="BaseResultMap" type="cn.ideal.pojo.CommodityCat" >
    <id column="id" property="id" jdbcType="BIGINT" />
    <id column="pid" property="pid" jdbcType="BIGINT" />
    <result column="name" property="name" jdbcType="VARCHAR" />
    <result column="status" property="status" jdbcType="TINYINT" />
    <result column="sort" property="sort" jdbcType="INTEGER" />
    <result column="isparent" property="isparent" jdbcType="TINYINT" />
    <result column="created" property="created" jdbcType="DATE" />
    <result column="updated" property="updated" jdbcType="DATE" />
  </resultMap>
  <sql id="Example_Where_Clause" >
    <where >
      <foreach collection="oredCriteria" item="criteria" separator="or" >
        <if test="criteria.valid" >
          <trim prefix="(" suffix=")" prefixOverrides="and" >
            <foreach collection="criteria.criteria" item="criterion" >
              <choose >
                <when test="criterion.noValue" >
                  and ${criterion.condition}
                </when>
                <when test="criterion.singleValue" >
                  and ${criterion.condition} #{criterion.value}
                </when>
                <when test="criterion.betweenValue" >
                  and ${criterion.condition} #{criterion.value} and #{criterion.secondValue}
                </when>
                <when test="criterion.listValue" >
                  and ${criterion.condition}
                  <foreach collection="criterion.value" item="listItem" open="(" close=")" separator="," >
                    #{listItem}
                  </foreach>
                </when>
              </choose>
            </foreach>
          </trim>
        </if>
      </foreach>
    </where>
  </sql>
  <sql id="Update_By_Example_Where_Clause" >
    <where >
      <foreach collection="example.oredCriteria" item="criteria" separator="or" >
        <if test="criteria.valid" >
          <trim prefix="(" suffix=")" prefixOverrides="and" >
            <foreach collection="criteria.criteria" item="criterion" >
              <choose >
                <when test="criterion.noValue" >
                  and ${criterion.condition}
                </when>
                <when test="criterion.singleValue" >
                  and ${criterion.condition} #{criterion.value}
                </when>
                <when test="criterion.betweenValue" >
                  and ${criterion.condition} #{criterion.value} and #{criterion.secondValue}
                </when>
                <when test="criterion.listValue" >
                  and ${criterion.condition}
                  <foreach collection="criterion.value" item="listItem" open="(" close=")" separator="," >
                    #{listItem}
                  </foreach>
                </when>
              </choose>
            </foreach>
          </trim>
        </if>
      </foreach>
    </where>
  </sql>
  <sql id="Base_Column_List" >
    id, pid, name, status, sort, isparent, created, updated
  </sql>
  <select id="selectByExample" resultMap="BaseResultMap" parameterType="cn.ideal.pojo.CommodityCatExample" >
    select
    <if test="distinct" >
      distinct
    </if>
    <include refid="Base_Column_List" />
    from commodity_cat
    <if test="_parameter != null" >
      <include refid="Example_Where_Clause" />
    </if>
    <if test="orderByClause != null" >
      order by ${orderByClause}
    </if>
  </select>
  <select id="selectByPrimaryKey" resultMap="BaseResultMap" parameterType="cn.ideal.pojo.CommodityCatKey" >
    select 
    <include refid="Base_Column_List" />
    from commodity_cat
    where id = #{id,jdbcType=BIGINT}
      and pid = #{pid,jdbcType=BIGINT}
  </select>
  <delete id="deleteByPrimaryKey" parameterType="cn.ideal.pojo.CommodityCatKey" >
    delete from commodity_cat
    where id = #{id,jdbcType=BIGINT}
      and pid = #{pid,jdbcType=BIGINT}
  </delete>
  <delete id="deleteByExample" parameterType="cn.ideal.pojo.CommodityCatExample" >
    delete from commodity_cat
    <if test="_parameter != null" >
      <include refid="Example_Where_Clause" />
    </if>
  </delete>
  <insert id="insert" parameterType="cn.ideal.pojo.CommodityCat" >
    insert into commodity_cat (id, pid, name, 
      status, sort, isparent, 
      created, updated)
    values (#{id,jdbcType=BIGINT}, #{pid,jdbcType=BIGINT}, #{name,jdbcType=VARCHAR}, 
      #{status,jdbcType=TINYINT}, #{sort,jdbcType=INTEGER}, #{isparent,jdbcType=TINYINT}, 
      #{created,jdbcType=DATE}, #{updated,jdbcType=DATE})
  </insert>
  <insert id="insertSelective" parameterType="cn.ideal.pojo.CommodityCat" >
    insert into commodity_cat
    <trim prefix="(" suffix=")" suffixOverrides="," >
      <if test="id != null" >
        id,
      </if>
      <if test="pid != null" >
        pid,
      </if>
      <if test="name != null" >
        name,
      </if>
      <if test="status != null" >
        status,
      </if>
      <if test="sort != null" >
        sort,
      </if>
      <if test="isparent != null" >
        isparent,
      </if>
      <if test="created != null" >
        created,
      </if>
      <if test="updated != null" >
        updated,
      </if>
    </trim>
    <trim prefix="values (" suffix=")" suffixOverrides="," >
      <if test="id != null" >
        #{id,jdbcType=BIGINT},
      </if>
      <if test="pid != null" >
        #{pid,jdbcType=BIGINT},
      </if>
      <if test="name != null" >
        #{name,jdbcType=VARCHAR},
      </if>
      <if test="status != null" >
        #{status,jdbcType=TINYINT},
      </if>
      <if test="sort != null" >
        #{sort,jdbcType=INTEGER},
      </if>
      <if test="isparent != null" >
        #{isparent,jdbcType=TINYINT},
      </if>
      <if test="created != null" >
        #{created,jdbcType=DATE},
      </if>
      <if test="updated != null" >
        #{updated,jdbcType=DATE},
      </if>
    </trim>
  </insert>
  <select id="countByExample" parameterType="cn.ideal.pojo.CommodityCatExample" resultType="java.lang.Integer" >
    select count(*) from commodity_cat
    <if test="_parameter != null" >
      <include refid="Example_Where_Clause" />
    </if>
  </select>
  <update id="updateByExampleSelective" parameterType="map" >
    update commodity_cat
    <set >
      <if test="record.id != null" >
        id = #{record.id,jdbcType=BIGINT},
      </if>
      <if test="record.pid != null" >
        pid = #{record.pid,jdbcType=BIGINT},
      </if>
      <if test="record.name != null" >
        name = #{record.name,jdbcType=VARCHAR},
      </if>
      <if test="record.status != null" >
        status = #{record.status,jdbcType=TINYINT},
      </if>
      <if test="record.sort != null" >
        sort = #{record.sort,jdbcType=INTEGER},
      </if>
      <if test="record.isparent != null" >
        isparent = #{record.isparent,jdbcType=TINYINT},
      </if>
      <if test="record.created != null" >
        created = #{record.created,jdbcType=DATE},
      </if>
      <if test="record.updated != null" >
        updated = #{record.updated,jdbcType=DATE},
      </if>
    </set>
    <if test="_parameter != null" >
      <include refid="Update_By_Example_Where_Clause" />
    </if>
  </update>
  <update id="updateByExample" parameterType="map" >
    update commodity_cat
    set id = #{record.id,jdbcType=BIGINT},
      pid = #{record.pid,jdbcType=BIGINT},
      name = #{record.name,jdbcType=VARCHAR},
      status = #{record.status,jdbcType=TINYINT},
      sort = #{record.sort,jdbcType=INTEGER},
      isparent = #{record.isparent,jdbcType=TINYINT},
      created = #{record.created,jdbcType=DATE},
      updated = #{record.updated,jdbcType=DATE}
    <if test="_parameter != null" >
      <include refid="Update_By_Example_Where_Clause" />
    </if>
  </update>
  <update id="updateByPrimaryKeySelective" parameterType="cn.ideal.pojo.CommodityCat" >
    update commodity_cat
    <set >
      <if test="name != null" >
        name = #{name,jdbcType=VARCHAR},
      </if>
      <if test="status != null" >
        status = #{status,jdbcType=TINYINT},
      </if>
      <if test="sort != null" >
        sort = #{sort,jdbcType=INTEGER},
      </if>
      <if test="isparent != null" >
        isparent = #{isparent,jdbcType=TINYINT},
      </if>
      <if test="created != null" >
        created = #{created,jdbcType=DATE},
      </if>
      <if test="updated != null" >
        updated = #{updated,jdbcType=DATE},
      </if>
    </set>
    where id = #{id,jdbcType=BIGINT}
      and pid = #{pid,jdbcType=BIGINT}
  </update>
  <update id="updateByPrimaryKey" parameterType="cn.ideal.pojo.CommodityCat" >
    update commodity_cat
    set name = #{name,jdbcType=VARCHAR},
      status = #{status,jdbcType=TINYINT},
      sort = #{sort,jdbcType=INTEGER},
      isparent = #{isparent,jdbcType=TINYINT},
      created = #{created,jdbcType=DATE},
      updated = #{updated,jdbcType=DATE}
    where id = #{id,jdbcType=BIGINT}
      and pid = #{pid,jdbcType=BIGINT}
  </update>
</mapper>