<?xml version="1.0" encoding="UTF-8" ?>
<!DOCTYPE mapper PUBLIC "-//mybatis.org//DTD Mapper 3.0//EN" "http://mybatis.org/dtd/mybatis-3-mapper.dtd" >
<mapper namespace="cn.ideal.mapper.CommoditySpuMapper" >
  <resultMap id="BaseResultMap" type="cn.ideal.pojo.CommoditySpu" >
    <id column="id" property="id" jdbcType="BIGINT" />
    <result column="title" property="title" jdbcType="VARCHAR" />
    <result column="cid" property="cid" jdbcType="BIGINT" />
    <result column="apid" property="apid" jdbcType="BIGINT" />
    <result column="sellpoint" property="sellpoint" jdbcType="VARCHAR" />
    <result column="image" property="image" jdbcType="VARCHAR" />
    <result column="status" property="status" jdbcType="TINYINT" />
  </resultMap>
  <sql id="Example_Where_Clause" >
    <where >
      <foreach collection="oredCriteria" item="criteria" separator="or" >
        <if test="criteria.valid" >
          <trim prefix="(" suffix=")" prefixOverrides="and" >
            <foreach collection="criteria.criteria" item="criterion" >
              <choose >
                <when test="criterion.noValue" >
                  and ${criterion.condition}
                </when>
                <when test="criterion.singleValue" >
                  and ${criterion.condition} #{criterion.value}
                </when>
                <when test="criterion.betweenValue" >
                  and ${criterion.condition} #{criterion.value} and #{criterion.secondValue}
                </when>
                <when test="criterion.listValue" >
                  and ${criterion.condition}
                  <foreach collection="criterion.value" item="listItem" open="(" close=")" separator="," >
                    #{listItem}
                  </foreach>
                </when>
              </choose>
            </foreach>
          </trim>
        </if>
      </foreach>
    </where>
  </sql>
  <sql id="Update_By_Example_Where_Clause" >
    <where >
      <foreach collection="example.oredCriteria" item="criteria" separator="or" >
        <if test="criteria.valid" >
          <trim prefix="(" suffix=")" prefixOverrides="and" >
            <foreach collection="criteria.criteria" item="criterion" >
              <choose >
                <when test="criterion.noValue" >
                  and ${criterion.condition}
                </when>
                <when test="criterion.singleValue" >
                  and ${criterion.condition} #{criterion.value}
                </when>
                <when test="criterion.betweenValue" >
                  and ${criterion.condition} #{criterion.value} and #{criterion.secondValue}
                </when>
                <when test="criterion.listValue" >
                  and ${criterion.condition}
                  <foreach collection="criterion.value" item="listItem" open="(" close=")" separator="," >
                    #{listItem}
                  </foreach>
                </when>
              </choose>
            </foreach>
          </trim>
        </if>
      </foreach>
    </where>
  </sql>
  <sql id="Base_Column_List" >
    id, title, cid, apid, sellpoint, image, status
  </sql>
  <select id="selectByExample" resultMap="BaseResultMap" parameterType="cn.ideal.pojo.CommoditySpuExample" >
    select
    <if test="distinct" >
      distinct
    </if>
    <include refid="Base_Column_List" />
    from commodity_spu
    <if test="_parameter != null" >
      <include refid="Example_Where_Clause" />
    </if>
    <if test="orderByClause != null" >
      order by ${orderByClause}
    </if>
  </select>
  <select id="selectByPrimaryKey" resultMap="BaseResultMap" parameterType="java.lang.Long" >
    select 
    <include refid="Base_Column_List" />
    from commodity_spu
    where id = #{id,jdbcType=BIGINT}
  </select>
  <delete id="deleteByPrimaryKey" parameterType="java.lang.Long" >
    delete from commodity_spu
    where id = #{id,jdbcType=BIGINT}
  </delete>
  <delete id="deleteByExample" parameterType="cn.ideal.pojo.CommoditySpuExample" >
    delete from commodity_spu
    <if test="_parameter != null" >
      <include refid="Example_Where_Clause" />
    </if>
  </delete>
  <insert id="insert" parameterType="cn.ideal.pojo.CommoditySpu" >
    insert into commodity_spu (id, title, cid, 
      apid, sellpoint, image, 
      status)
    values (#{id,jdbcType=BIGINT}, #{title,jdbcType=VARCHAR}, #{cid,jdbcType=BIGINT}, 
      #{apid,jdbcType=BIGINT}, #{sellpoint,jdbcType=VARCHAR}, #{image,jdbcType=VARCHAR}, 
      #{status,jdbcType=TINYINT})
  </insert>
  <insert id="insertSelective" parameterType="cn.ideal.pojo.CommoditySpu" >
    insert into commodity_spu
    <trim prefix="(" suffix=")" suffixOverrides="," >
      <if test="id != null" >
        id,
      </if>
      <if test="title != null" >
        title,
      </if>
      <if test="cid != null" >
        cid,
      </if>
      <if test="apid != null" >
        apid,
      </if>
      <if test="sellpoint != null" >
        sellpoint,
      </if>
      <if test="image != null" >
        image,
      </if>
      <if test="status != null" >
        status,
      </if>
    </trim>
    <trim prefix="values (" suffix=")" suffixOverrides="," >
      <if test="id != null" >
        #{id,jdbcType=BIGINT},
      </if>
      <if test="title != null" >
        #{title,jdbcType=VARCHAR},
      </if>
      <if test="cid != null" >
        #{cid,jdbcType=BIGINT},
      </if>
      <if test="apid != null" >
        #{apid,jdbcType=BIGINT},
      </if>
      <if test="sellpoint != null" >
        #{sellpoint,jdbcType=VARCHAR},
      </if>
      <if test="image != null" >
        #{image,jdbcType=VARCHAR},
      </if>
      <if test="status != null" >
        #{status,jdbcType=TINYINT},
      </if>
    </trim>
  </insert>
  <select id="countByExample" parameterType="cn.ideal.pojo.CommoditySpuExample" resultType="java.lang.Integer" >
    select count(*) from commodity_spu
    <if test="_parameter != null" >
      <include refid="Example_Where_Clause" />
    </if>
  </select>
  <update id="updateByExampleSelective" parameterType="map" >
    update commodity_spu
    <set >
      <if test="record.id != null" >
        id = #{record.id,jdbcType=BIGINT},
      </if>
      <if test="record.title != null" >
        title = #{record.title,jdbcType=VARCHAR},
      </if>
      <if test="record.cid != null" >
        cid = #{record.cid,jdbcType=BIGINT},
      </if>
      <if test="record.apid != null" >
        apid = #{record.apid,jdbcType=BIGINT},
      </if>
      <if test="record.sellpoint != null" >
        sellpoint = #{record.sellpoint,jdbcType=VARCHAR},
      </if>
      <if test="record.image != null" >
        image = #{record.image,jdbcType=VARCHAR},
      </if>
      <if test="record.status != null" >
        status = #{record.status,jdbcType=TINYINT},
      </if>
    </set>
    <if test="_parameter != null" >
      <include refid="Update_By_Example_Where_Clause" />
    </if>
  </update>
  <update id="updateByExample" parameterType="map" >
    update commodity_spu
    set id = #{record.id,jdbcType=BIGINT},
      title = #{record.title,jdbcType=VARCHAR},
      cid = #{record.cid,jdbcType=BIGINT},
      apid = #{record.apid,jdbcType=BIGINT},
      sellpoint = #{record.sellpoint,jdbcType=VARCHAR},
      image = #{record.image,jdbcType=VARCHAR},
      status = #{record.status,jdbcType=TINYINT}
    <if test="_parameter != null" >
      <include refid="Update_By_Example_Where_Clause" />
    </if>
  </update>
  <update id="updateByPrimaryKeySelective" parameterType="cn.ideal.pojo.CommoditySpu" >
    update commodity_spu
    <set >
      <if test="title != null" >
        title = #{title,jdbcType=VARCHAR},
      </if>
      <if test="cid != null" >
        cid = #{cid,jdbcType=BIGINT},
      </if>
      <if test="apid != null" >
        apid = #{apid,jdbcType=BIGINT},
      </if>
      <if test="sellpoint != null" >
        sellpoint = #{sellpoint,jdbcType=VARCHAR},
      </if>
      <if test="image != null" >
        image = #{image,jdbcType=VARCHAR},
      </if>
      <if test="status != null" >
        status = #{status,jdbcType=TINYINT},
      </if>
    </set>
    where id = #{id,jdbcType=BIGINT}
  </update>
  <update id="updateByPrimaryKey" parameterType="cn.ideal.pojo.CommoditySpu" >
    update commodity_spu
    set title = #{title,jdbcType=VARCHAR},
      cid = #{cid,jdbcType=BIGINT},
      apid = #{apid,jdbcType=BIGINT},
      sellpoint = #{sellpoint,jdbcType=VARCHAR},
      image = #{image,jdbcType=VARCHAR},
      status = #{status,jdbcType=TINYINT}
    where id = #{id,jdbcType=BIGINT}
  </update>
</mapper>