<?xml version="1.0" encoding="UTF-8" ?>
<!DOCTYPE mapper PUBLIC "-//mybatis.org//DTD Mapper 3.0//EN" "http://mybatis.org/dtd/mybatis-3-mapper.dtd" >
<mapper namespace="cn.ideal.mapper.RelaMerProMapper" >
  <resultMap id="BaseResultMap" type="cn.ideal.pojo.RelaMerPro" >
    <result column="merchant_id" property="merchantId" jdbcType="BIGINT" />
    <result column="productor_id" property="productorId" jdbcType="BIGINT" />
    <result column="apply_time" property="applyTime" jdbcType="TIMESTAMP" />
    <result column="merchant_name" property="merchantName" jdbcType="VARCHAR" />
    <result column="productor_name" property="productorName" jdbcType="VARCHAR" />
    <result column="status" property="status" jdbcType="INTEGER" />
    <result column="agree_time" property="agreeTime" jdbcType="TIMESTAMP" />
  </resultMap>
  <sql id="Example_Where_Clause" >
    <where >
      <foreach collection="oredCriteria" item="criteria" separator="or" >
        <if test="criteria.valid" >
          <trim prefix="(" suffix=")" prefixOverrides="and" >
            <foreach collection="criteria.criteria" item="criterion" >
              <choose >
                <when test="criterion.noValue" >
                  and ${criterion.condition}
                </when>
                <when test="criterion.singleValue" >
                  and ${criterion.condition} #{criterion.value}
                </when>
                <when test="criterion.betweenValue" >
                  and ${criterion.condition} #{criterion.value} and #{criterion.secondValue}
                </when>
                <when test="criterion.listValue" >
                  and ${criterion.condition}
                  <foreach collection="criterion.value" item="listItem" open="(" close=")" separator="," >
                    #{listItem}
                  </foreach>
                </when>
              </choose>
            </foreach>
          </trim>
        </if>
      </foreach>
    </where>
  </sql>
  <sql id="Update_By_Example_Where_Clause" >
    <where >
      <foreach collection="example.oredCriteria" item="criteria" separator="or" >
        <if test="criteria.valid" >
          <trim prefix="(" suffix=")" prefixOverrides="and" >
            <foreach collection="criteria.criteria" item="criterion" >
              <choose >
                <when test="criterion.noValue" >
                  and ${criterion.condition}
                </when>
                <when test="criterion.singleValue" >
                  and ${criterion.condition} #{criterion.value}
                </when>
                <when test="criterion.betweenValue" >
                  and ${criterion.condition} #{criterion.value} and #{criterion.secondValue}
                </when>
                <when test="criterion.listValue" >
                  and ${criterion.condition}
                  <foreach collection="criterion.value" item="listItem" open="(" close=")" separator="," >
                    #{listItem}
                  </foreach>
                </when>
              </choose>
            </foreach>
          </trim>
        </if>
      </foreach>
    </where>
  </sql>
  <sql id="Base_Column_List" >
    merchant_id, productor_id, apply_time, merchant_name, productor_name, status, agree_time
  </sql>
  <select id="selectByExample" resultMap="BaseResultMap" parameterType="cn.ideal.pojo.RelaMerProExample" >
    select
    <if test="distinct" >
      distinct
    </if>
    <include refid="Base_Column_List" />
    from rela_mer_pro
    <if test="_parameter != null" >
      <include refid="Example_Where_Clause" />
    </if>
    <if test="orderByClause != null" >
      order by ${orderByClause}
    </if>
  </select>
  <delete id="deleteByExample" parameterType="cn.ideal.pojo.RelaMerProExample" >
    delete from rela_mer_pro
    <if test="_parameter != null" >
      <include refid="Example_Where_Clause" />
    </if>
  </delete>
  <insert id="insert" parameterType="cn.ideal.pojo.RelaMerPro" >
    insert into rela_mer_pro (merchant_id, productor_id, apply_time, 
      merchant_name, productor_name, status, 
      agree_time)
    values (#{merchantId,jdbcType=BIGINT}, #{productorId,jdbcType=BIGINT}, #{applyTime,jdbcType=TIMESTAMP}, 
      #{merchantName,jdbcType=VARCHAR}, #{productorName,jdbcType=VARCHAR}, #{status,jdbcType=INTEGER}, 
      #{agreeTime,jdbcType=TIMESTAMP})
  </insert>
  <insert id="insertSelective" parameterType="cn.ideal.pojo.RelaMerPro" >
    insert into rela_mer_pro
    <trim prefix="(" suffix=")" suffixOverrides="," >
      <if test="merchantId != null" >
        merchant_id,
      </if>
      <if test="productorId != null" >
        productor_id,
      </if>
      <if test="applyTime != null" >
        apply_time,
      </if>
      <if test="merchantName != null" >
        merchant_name,
      </if>
      <if test="productorName != null" >
        productor_name,
      </if>
      <if test="status != null" >
        status,
      </if>
      <if test="agreeTime != null" >
        agree_time,
      </if>
    </trim>
    <trim prefix="values (" suffix=")" suffixOverrides="," >
      <if test="merchantId != null" >
        #{merchantId,jdbcType=BIGINT},
      </if>
      <if test="productorId != null" >
        #{productorId,jdbcType=BIGINT},
      </if>
      <if test="applyTime != null" >
        #{applyTime,jdbcType=TIMESTAMP},
      </if>
      <if test="merchantName != null" >
        #{merchantName,jdbcType=VARCHAR},
      </if>
      <if test="productorName != null" >
        #{productorName,jdbcType=VARCHAR},
      </if>
      <if test="status != null" >
        #{status,jdbcType=INTEGER},
      </if>
      <if test="agreeTime != null" >
        #{agreeTime,jdbcType=TIMESTAMP},
      </if>
    </trim>
  </insert>
  <select id="countByExample" parameterType="cn.ideal.pojo.RelaMerProExample" resultType="java.lang.Integer" >
    select count(*) from rela_mer_pro
    <if test="_parameter != null" >
      <include refid="Example_Where_Clause" />
    </if>
  </select>
  <update id="updateByExampleSelective" parameterType="map" >
    update rela_mer_pro
    <set >
      <if test="record.merchantId != null" >
        merchant_id = #{record.merchantId,jdbcType=BIGINT},
      </if>
      <if test="record.productorId != null" >
        productor_id = #{record.productorId,jdbcType=BIGINT},
      </if>
      <if test="record.applyTime != null" >
        apply_time = #{record.applyTime,jdbcType=TIMESTAMP},
      </if>
      <if test="record.merchantName != null" >
        merchant_name = #{record.merchantName,jdbcType=VARCHAR},
      </if>
      <if test="record.productorName != null" >
        productor_name = #{record.productorName,jdbcType=VARCHAR},
      </if>
      <if test="record.status != null" >
        status = #{record.status,jdbcType=INTEGER},
      </if>
      <if test="record.agreeTime != null" >
        agree_time = #{record.agreeTime,jdbcType=TIMESTAMP},
      </if>
    </set>
    <if test="_parameter != null" >
      <include refid="Update_By_Example_Where_Clause" />
    </if>
  </update>
  <update id="updateByExample" parameterType="map" >
    update rela_mer_pro
    set merchant_id = #{record.merchantId,jdbcType=BIGINT},
      productor_id = #{record.productorId,jdbcType=BIGINT},
      apply_time = #{record.applyTime,jdbcType=TIMESTAMP},
      merchant_name = #{record.merchantName,jdbcType=VARCHAR},
      productor_name = #{record.productorName,jdbcType=VARCHAR},
      status = #{record.status,jdbcType=INTEGER},
      agree_time = #{record.agreeTime,jdbcType=TIMESTAMP}
    <if test="_parameter != null" >
      <include refid="Update_By_Example_Where_Clause" />
    </if>
  </update>
</mapper>