<?xml version="1.0" encoding="UTF-8"?>
<beans xmlns="http://www.springframework.org/schema/beans"
       xmlns:xsi="http://www.w3.org/2001/XMLSchema-instance" xmlns:p="http://www.springframework.org/schema/p"
       xmlns:context="http://www.springframework.org/schema/context"
       xmlns:dubbo="http://code.alibabatech.com/schema/dubbo"
       xmlns:mvc="http://www.springframework.org/schema/mvc"
       xsi:schemaLocation="http://www.springframework.org/schema/beans http://www.springframework.org/schema/beans/spring-beans-4.2.xsd
        http://www.springframework.org/schema/mvc http://www.springframework.org/schema/mvc/spring-mvc-4.2.xsd
        http://code.alibabatech.com/schema/dubbo http://code.alibabatech.com/schema/dubbo/dubbo.xsd
        http://www.springframework.org/schema/context http://www.springframework.org/schema/context/spring-context-4.2.xsd">

    <context:property-placeholder location="classpath:client.conf" />
    <!-- 配置注解驱动 -->
    <mvc:annotation-driven />
    <!-- 配置包扫描器，扫描@Controller注解的类 -->
    <context:component-scan base-package="cn.ideal.wechat.controller"/>
    <!-- 引用dubbo服务 -->
    <dubbo:application name="IDEAL-WECHAT-WEB"/>
    <dubbo:consumer check="false" />
    <dubbo:registry address="zookeeper://39.105.163.90:2181"/>

    <dubbo:reference interface="cn.ideal.wechat.service.CommodityCatService" id="commodityCatServiceImpl" />
    <dubbo:reference interface="cn.ideal.wechat.service.CommodityService" id="commodityServiceImpl" />
    <dubbo:reference interface="cn.ideal.wechat.service.CommodityCartService" id="commodityCartServiceImpl" />
    <dubbo:reference interface="cn.ideal.wechat.service.CommodityOrderService" id="commodityOrderServiceImpl" />
    <dubbo:reference interface="cn.ideal.wechat.service.CommodityAddressService" id="commodityAddressServiceImpl" />

</beans>