<?xml version="1.0" encoding="UTF-8"?>
<!DOCTYPE generatorConfiguration
        PUBLIC "-//mybatis.org//DTD MyBatis Generator Configuration 1.0//EN"
        "http://mybatis.org/dtd/mybatis-generator-config_1_0.dtd">
<generatorConfiguration>
    <properties resource="db.properties" />
    <classPathEntry location="${jdbc.driverLocation}" />
    <context id="default" targetRuntime="MyBatis3">

        <commentGenerator>
            <!-- 去除自动生成的注释 -->
            <property name="suppressAllComments" value="true" />
        </commentGenerator>

        <!-- 数据库连接配置 -->
        <jdbcConnection driverClass="${jdbc.driverClass}" connectionURL="${jdbc.connectionURL}" userId="${jdbc.userId}" password="${jdbc.password}" />
        <!-- 非必需，类型处理器，在数据库类型和java类型之间的转换控制-->
        <javaTypeResolver><property name="forceBigDecimals" value="false"/></javaTypeResolver>

        <!-- targetProject:生成PO类的位置 -->
        <javaModelGenerator targetPackage="cn.ideal.pojo" targetProject="src/main/java">
            <!-- enableSubPackages:是否让schema作为包的后缀 -->
            <property name="enableSubPackages" value="false" />
            <!-- 从数据库返回的值被清理前后的空格 -->
            <property name="trimStrings" value="true" />
        </javaModelGenerator>
        <!-- targetProject:mapper映射文件生成的位置 -->
        <sqlMapGenerator targetPackage="cn.ideal.mapper" targetProject="src/main/java">
            <!-- enableSubPackages:是否让schema作为包的后缀 -->
            <property name="enableSubPackages" value="false" />
        </sqlMapGenerator>
        <!-- targetPackage：mapper接口生成的位置 -->
        <javaClientGenerator type="XMLMAPPER" targetPackage="cn.ideal.mapper" targetProject="src/main/java">
            <!-- enableSubPackages:是否让schema作为包的后缀 -->
            <property name="enableSubPackages" value="false" />
        </javaClientGenerator>

        <!-- 配置表
            schema：不用填写
            tableName: 表名
            enableCountByExample、enableSelectByExample、enableDeleteByExample、enableUpdateByExample、selectByExampleQueryId：
            去除自动生成的例子
        -->
        <!--
            <table schema="" tableName="unit_type" enableCountByExample="false" enableSelectByExample="false"
                   enableDeleteByExample="false" enableUpdateByExample="false" selectByExampleQueryId="false" >
            </table>
        -->
        <table tableName="account_productor" />
        <table tableName="account_manager" />


    </context>
</generatorConfiguration>