<?xml version="1.0" encoding="UTF-8" ?>
<!DOCTYPE mapper PUBLIC "-//mybatis.org//DTD Mapper 3.0//EN" "http://mybatis.org/dtd/mybatis-3-mapper.dtd" >
<mapper namespace="cn.ideal.common.mapper.CommoditySkuMapper" >
  <resultMap id="BaseResultMap" type="cn.ideal.common.pojo.CommoditySku" >
    <id column="id" property="id" jdbcType="BIGINT" />
    <result column="spuid" property="spuid" jdbcType="BIGINT" />
    <result column="csid" property="csid" jdbcType="BIGINT" />
    <result column="price" property="price" jdbcType="REAL" />
    <result column="quantity" property="quantity" jdbcType="INTEGER" />
    <result column="image" property="image" jdbcType="VARCHAR" />
    <result column="position" property="position" jdbcType="VARCHAR" />
    <result column="status" property="status" jdbcType="TINYINT" />
    <result column="descp" property="descp" jdbcType="VARCHAR" />
  </resultMap>
  <sql id="Example_Where_Clause" >
    <where >
      <foreach collection="oredCriteria" item="criteria" separator="or" >
        <if test="criteria.valid" >
          <trim prefix="(" suffix=")" prefixOverrides="and" >
            <foreach collection="criteria.criteria" item="criterion" >
              <choose >
                <when test="criterion.noValue" >
                  and ${criterion.condition}
                </when>
                <when test="criterion.singleValue" >
                  and ${criterion.condition} #{criterion.value}
                </when>
                <when test="criterion.betweenValue" >
                  and ${criterion.condition} #{criterion.value} and #{criterion.secondValue}
                </when>
                <when test="criterion.listValue" >
                  and ${criterion.condition}
                  <foreach collection="criterion.value" item="listItem" open="(" close=")" separator="," >
                    #{listItem}
                  </foreach>
                </when>
              </choose>
            </foreach>
          </trim>
        </if>
      </foreach>
    </where>
  </sql>
  <sql id="Update_By_Example_Where_Clause" >
    <where >
      <foreach collection="example.oredCriteria" item="criteria" separator="or" >
        <if test="criteria.valid" >
          <trim prefix="(" suffix=")" prefixOverrides="and" >
            <foreach collection="criteria.criteria" item="criterion" >
              <choose >
                <when test="criterion.noValue" >
                  and ${criterion.condition}
                </when>
                <when test="criterion.singleValue" >
                  and ${criterion.condition} #{criterion.value}
                </when>
                <when test="criterion.betweenValue" >
                  and ${criterion.condition} #{criterion.value} and #{criterion.secondValue}
                </when>
                <when test="criterion.listValue" >
                  and ${criterion.condition}
                  <foreach collection="criterion.value" item="listItem" open="(" close=")" separator="," >
                    #{listItem}
                  </foreach>
                </when>
              </choose>
            </foreach>
          </trim>
        </if>
      </foreach>
    </where>
  </sql>
  <sql id="Base_Column_List" >
    id, spuid, csid, price, quantity, image, position, status, descp
  </sql>
  <select id="selectByExample" resultMap="BaseResultMap" parameterType="cn.ideal.common.pojo.CommoditySkuExample" >
    select
    <if test="distinct" >
      distinct
    </if>
    <include refid="Base_Column_List" />
    from commodity_sku
    <if test="_parameter != null" >
      <include refid="Example_Where_Clause" />
    </if>
    <if test="orderByClause != null" >
      order by ${orderByClause}
    </if>
  </select>
  <select id="selectByPrimaryKey" resultMap="BaseResultMap" parameterType="java.lang.Long" >
    select 
    <include refid="Base_Column_List" />
    from commodity_sku
    where id = #{id,jdbcType=BIGINT}
  </select>
  <delete id="deleteByPrimaryKey" parameterType="java.lang.Long" >
    delete from commodity_sku
    where id = #{id,jdbcType=BIGINT}
  </delete>
  <delete id="deleteByExample" parameterType="cn.ideal.common.pojo.CommoditySkuExample" >
    delete from commodity_sku
    <if test="_parameter != null" >
      <include refid="Example_Where_Clause" />
    </if>
  </delete>
  <insert id="insert" parameterType="cn.ideal.common.pojo.CommoditySku" useGeneratedKeys="true" keyProperty="id">
    insert into commodity_sku (id, spuid, csid, 
      price, quantity, image, 
      position, status, descp
      )
    values (#{id,jdbcType=BIGINT}, #{spuid,jdbcType=BIGINT}, #{csid,jdbcType=BIGINT}, 
      #{price,jdbcType=REAL}, #{quantity,jdbcType=INTEGER}, #{image,jdbcType=VARCHAR}, 
      #{position,jdbcType=VARCHAR}, #{status,jdbcType=TINYINT}, #{descp,jdbcType=VARCHAR}
      )
  </insert>
  <insert id="insertSelective" parameterType="cn.ideal.common.pojo.CommoditySku" useGeneratedKeys="true" keyProperty="id">
    insert into commodity_sku
    <trim prefix="(" suffix=")" suffixOverrides="," >
      <if test="id != null" >
        id,
      </if>
      <if test="spuid != null" >
        spuid,
      </if>
      <if test="csid != null" >
        csid,
      </if>
      <if test="price != null" >
        price,
      </if>
      <if test="quantity != null" >
        quantity,
      </if>
      <if test="image != null" >
        image,
      </if>
      <if test="position != null" >
        position,
      </if>
      <if test="status != null" >
        status,
      </if>
      <if test="descp != null" >
        descp,
      </if>
    </trim>
    <trim prefix="values (" suffix=")" suffixOverrides="," >
      <if test="id != null" >
        #{id,jdbcType=BIGINT},
      </if>
      <if test="spuid != null" >
        #{spuid,jdbcType=BIGINT},
      </if>
      <if test="csid != null" >
        #{csid,jdbcType=BIGINT},
      </if>
      <if test="price != null" >
        #{price,jdbcType=REAL},
      </if>
      <if test="quantity != null" >
        #{quantity,jdbcType=INTEGER},
      </if>
      <if test="image != null" >
        #{image,jdbcType=VARCHAR},
      </if>
      <if test="position != null" >
        #{position,jdbcType=VARCHAR},
      </if>
      <if test="status != null" >
        #{status,jdbcType=TINYINT},
      </if>
      <if test="descp != null" >
        #{descp,jdbcType=VARCHAR},
      </if>
    </trim>
  </insert>
  <select id="countByExample" parameterType="cn.ideal.common.pojo.CommoditySkuExample" resultType="java.lang.Integer" >
    select count(*) from commodity_sku
    <if test="_parameter != null" >
      <include refid="Example_Where_Clause" />
    </if>
  </select>
  <update id="updateByExampleSelective" parameterType="map" >
    update commodity_sku
    <set >
      <if test="record.id != null" >
        id = #{record.id,jdbcType=BIGINT},
      </if>
      <if test="record.spuid != null" >
        spuid = #{record.spuid,jdbcType=BIGINT},
      </if>
      <if test="record.csid != null" >
        csid = #{record.csid,jdbcType=BIGINT},
      </if>
      <if test="record.price != null" >
        price = #{record.price,jdbcType=REAL},
      </if>
      <if test="record.quantity != null" >
        quantity = #{record.quantity,jdbcType=INTEGER},
      </if>
      <if test="record.image != null" >
        image = #{record.image,jdbcType=VARCHAR},
      </if>
      <if test="record.position != null" >
        position = #{record.position,jdbcType=VARCHAR},
      </if>
      <if test="record.status != null" >
        status = #{record.status,jdbcType=TINYINT},
      </if>
      <if test="record.descp != null" >
        descp = #{record.descp,jdbcType=VARCHAR},
      </if>
    </set>
    <if test="_parameter != null" >
      <include refid="Update_By_Example_Where_Clause" />
    </if>
  </update>
  <update id="updateByExample" parameterType="map" >
    update commodity_sku
    set id = #{record.id,jdbcType=BIGINT},
      spuid = #{record.spuid,jdbcType=BIGINT},
      csid = #{record.csid,jdbcType=BIGINT},
      price = #{record.price,jdbcType=REAL},
      quantity = #{record.quantity,jdbcType=INTEGER},
      image = #{record.image,jdbcType=VARCHAR},
      position = #{record.position,jdbcType=VARCHAR},
      status = #{record.status,jdbcType=TINYINT},
      descp = #{record.descp,jdbcType=VARCHAR}
    <if test="_parameter != null" >
      <include refid="Update_By_Example_Where_Clause" />
    </if>
  </update>
  <update id="updateByPrimaryKeySelective" parameterType="cn.ideal.common.pojo.CommoditySku" >
    update commodity_sku
    <set >
      <if test="spuid != null" >
        spuid = #{spuid,jdbcType=BIGINT},
      </if>
      <if test="csid != null" >
        csid = #{csid,jdbcType=BIGINT},
      </if>
      <if test="price != null" >
        price = #{price,jdbcType=REAL},
      </if>
      <if test="quantity != null" >
        quantity = #{quantity,jdbcType=INTEGER},
      </if>
      <if test="image != null" >
        image = #{image,jdbcType=VARCHAR},
      </if>
      <if test="position != null" >
        position = #{position,jdbcType=VARCHAR},
      </if>
      <if test="status != null" >
        status = #{status,jdbcType=TINYINT},
      </if>
      <if test="descp != null" >
        descp = #{descp,jdbcType=VARCHAR},
      </if>
    </set>
    where id = #{id,jdbcType=BIGINT}
  </update>
  <update id="updateByPrimaryKey" parameterType="cn.ideal.common.pojo.CommoditySku" >
    update commodity_sku
    set spuid = #{spuid,jdbcType=BIGINT},
      csid = #{csid,jdbcType=BIGINT},
      price = #{price,jdbcType=REAL},
      quantity = #{quantity,jdbcType=INTEGER},
      image = #{image,jdbcType=VARCHAR},
      position = #{position,jdbcType=VARCHAR},
      status = #{status,jdbcType=TINYINT},
      descp = #{descp,jdbcType=VARCHAR}
    where id = #{id,jdbcType=BIGINT}
  </update>
</mapper>