<?xml version="1.0" encoding="UTF-8" ?>
<!DOCTYPE mapper PUBLIC "-//mybatis.org//DTD Mapper 3.0//EN" "http://mybatis.org/dtd/mybatis-3-mapper.dtd" >
<mapper namespace="cn.ideal.common.mapper.RelaMerProComMapper" >
  <resultMap id="BaseResultMap" type="cn.ideal.common.pojo.RelaMerProCom" >
    <id column="merchant_id" property="merchantId" jdbcType="BIGINT" />
    <id column="productor_id" property="productorId" jdbcType="BIGINT" />
    <id column="commodity_id" property="commodityId" jdbcType="BIGINT" />
    <result column="time" property="time" jdbcType="TIMESTAMP" />
    <result column="merchant_name" property="merchantName" jdbcType="VARCHAR" />
    <result column="productor_name" property="productorName" jdbcType="VARCHAR" />
    <result column="commodity_name" property="commodityName" jdbcType="VARCHAR" />
    <result column="status" property="status" jdbcType="INTEGER" />
  </resultMap>
  <sql id="Example_Where_Clause" >
    <where >
      <foreach collection="oredCriteria" item="criteria" separator="or" >
        <if test="criteria.valid" >
          <trim prefix="(" suffix=")" prefixOverrides="and" >
            <foreach collection="criteria.criteria" item="criterion" >
              <choose >
                <when test="criterion.noValue" >
                  and ${criterion.condition}
                </when>
                <when test="criterion.singleValue" >
                  and ${criterion.condition} #{criterion.value}
                </when>
                <when test="criterion.betweenValue" >
                  and ${criterion.condition} #{criterion.value} and #{criterion.secondValue}
                </when>
                <when test="criterion.listValue" >
                  and ${criterion.condition}
                  <foreach collection="criterion.value" item="listItem" open="(" close=")" separator="," >
                    #{listItem}
                  </foreach>
                </when>
              </choose>
            </foreach>
          </trim>
        </if>
      </foreach>
    </where>
  </sql>
  <sql id="Update_By_Example_Where_Clause" >
    <where >
      <foreach collection="example.oredCriteria" item="criteria" separator="or" >
        <if test="criteria.valid" >
          <trim prefix="(" suffix=")" prefixOverrides="and" >
            <foreach collection="criteria.criteria" item="criterion" >
              <choose >
                <when test="criterion.noValue" >
                  and ${criterion.condition}
                </when>
                <when test="criterion.singleValue" >
                  and ${criterion.condition} #{criterion.value}
                </when>
                <when test="criterion.betweenValue" >
                  and ${criterion.condition} #{criterion.value} and #{criterion.secondValue}
                </when>
                <when test="criterion.listValue" >
                  and ${criterion.condition}
                  <foreach collection="criterion.value" item="listItem" open="(" close=")" separator="," >
                    #{listItem}
                  </foreach>
                </when>
              </choose>
            </foreach>
          </trim>
        </if>
      </foreach>
    </where>
  </sql>
  <sql id="Base_Column_List" >
    merchant_id, productor_id, commodity_id, time, merchant_name, productor_name, commodity_name, 
    status
  </sql>
  <select id="selectByExample" resultMap="BaseResultMap" parameterType="cn.ideal.common.pojo.RelaMerProComExample" >
    select
    <if test="distinct" >
      distinct
    </if>
    <include refid="Base_Column_List" />
    from rela_mer_pro_com
    <if test="_parameter != null" >
      <include refid="Example_Where_Clause" />
    </if>
    <if test="orderByClause != null" >
      order by ${orderByClause}
    </if>
  </select>
  <select id="selectByPrimaryKey" resultMap="BaseResultMap" parameterType="cn.ideal.common.pojo.RelaMerProComKey" >
    select 
    <include refid="Base_Column_List" />
    from rela_mer_pro_com
    where merchant_id = #{merchantId,jdbcType=BIGINT}
      and productor_id = #{productorId,jdbcType=BIGINT}
      and commodity_id = #{commodityId,jdbcType=BIGINT}
  </select>
  <delete id="deleteByPrimaryKey" parameterType="cn.ideal.common.pojo.RelaMerProComKey" >
    delete from rela_mer_pro_com
    where merchant_id = #{merchantId,jdbcType=BIGINT}
      and productor_id = #{productorId,jdbcType=BIGINT}
      and commodity_id = #{commodityId,jdbcType=BIGINT}
  </delete>
  <delete id="deleteByExample" parameterType="cn.ideal.common.pojo.RelaMerProComExample" >
    delete from rela_mer_pro_com
    <if test="_parameter != null" >
      <include refid="Example_Where_Clause" />
    </if>
  </delete>
  <insert id="insert" parameterType="cn.ideal.common.pojo.RelaMerProCom" >
    insert into rela_mer_pro_com (merchant_id, productor_id, commodity_id, 
      time, merchant_name, productor_name, 
      commodity_name, status)
    values (#{merchantId,jdbcType=BIGINT}, #{productorId,jdbcType=BIGINT}, #{commodityId,jdbcType=BIGINT}, 
      #{time,jdbcType=TIMESTAMP}, #{merchantName,jdbcType=VARCHAR}, #{productorName,jdbcType=VARCHAR}, 
      #{commodityName,jdbcType=VARCHAR}, #{status,jdbcType=INTEGER})
  </insert>
  <insert id="insertSelective" parameterType="cn.ideal.common.pojo.RelaMerProCom" >
    insert into rela_mer_pro_com
    <trim prefix="(" suffix=")" suffixOverrides="," >
      <if test="merchantId != null" >
        merchant_id,
      </if>
      <if test="productorId != null" >
        productor_id,
      </if>
      <if test="commodityId != null" >
        commodity_id,
      </if>
      <if test="time != null" >
        time,
      </if>
      <if test="merchantName != null" >
        merchant_name,
      </if>
      <if test="productorName != null" >
        productor_name,
      </if>
      <if test="commodityName != null" >
        commodity_name,
      </if>
      <if test="status != null" >
        status,
      </if>
    </trim>
    <trim prefix="values (" suffix=")" suffixOverrides="," >
      <if test="merchantId != null" >
        #{merchantId,jdbcType=BIGINT},
      </if>
      <if test="productorId != null" >
        #{productorId,jdbcType=BIGINT},
      </if>
      <if test="commodityId != null" >
        #{commodityId,jdbcType=BIGINT},
      </if>
      <if test="time != null" >
        #{time,jdbcType=TIMESTAMP},
      </if>
      <if test="merchantName != null" >
        #{merchantName,jdbcType=VARCHAR},
      </if>
      <if test="productorName != null" >
        #{productorName,jdbcType=VARCHAR},
      </if>
      <if test="commodityName != null" >
        #{commodityName,jdbcType=VARCHAR},
      </if>
      <if test="status != null" >
        #{status,jdbcType=INTEGER},
      </if>
    </trim>
  </insert>
  <select id="countByExample" parameterType="cn.ideal.common.pojo.RelaMerProComExample" resultType="java.lang.Integer" >
    select count(*) from rela_mer_pro_com
    <if test="_parameter != null" >
      <include refid="Example_Where_Clause" />
    </if>
  </select>
  <update id="updateByExampleSelective" parameterType="map" >
    update rela_mer_pro_com
    <set >
      <if test="record.merchantId != null" >
        merchant_id = #{record.merchantId,jdbcType=BIGINT},
      </if>
      <if test="record.productorId != null" >
        productor_id = #{record.productorId,jdbcType=BIGINT},
      </if>
      <if test="record.commodityId != null" >
        commodity_id = #{record.commodityId,jdbcType=BIGINT},
      </if>
      <if test="record.time != null" >
        time = #{record.time,jdbcType=TIMESTAMP},
      </if>
      <if test="record.merchantName != null" >
        merchant_name = #{record.merchantName,jdbcType=VARCHAR},
      </if>
      <if test="record.productorName != null" >
        productor_name = #{record.productorName,jdbcType=VARCHAR},
      </if>
      <if test="record.commodityName != null" >
        commodity_name = #{record.commodityName,jdbcType=VARCHAR},
      </if>
      <if test="record.status != null" >
        status = #{record.status,jdbcType=INTEGER},
      </if>
    </set>
    <if test="_parameter != null" >
      <include refid="Update_By_Example_Where_Clause" />
    </if>
  </update>
  <update id="updateByExample" parameterType="map" >
    update rela_mer_pro_com
    set merchant_id = #{record.merchantId,jdbcType=BIGINT},
      productor_id = #{record.productorId,jdbcType=BIGINT},
      commodity_id = #{record.commodityId,jdbcType=BIGINT},
      time = #{record.time,jdbcType=TIMESTAMP},
      merchant_name = #{record.merchantName,jdbcType=VARCHAR},
      productor_name = #{record.productorName,jdbcType=VARCHAR},
      commodity_name = #{record.commodityName,jdbcType=VARCHAR},
      status = #{record.status,jdbcType=INTEGER}
    <if test="_parameter != null" >
      <include refid="Update_By_Example_Where_Clause" />
    </if>
  </update>
  <update id="updateByPrimaryKeySelective" parameterType="cn.ideal.common.pojo.RelaMerProCom" >
    update rela_mer_pro_com
    <set >
      <if test="time != null" >
        time = #{time,jdbcType=TIMESTAMP},
      </if>
      <if test="merchantName != null" >
        merchant_name = #{merchantName,jdbcType=VARCHAR},
      </if>
      <if test="productorName != null" >
        productor_name = #{productorName,jdbcType=VARCHAR},
      </if>
      <if test="commodityName != null" >
        commodity_name = #{commodityName,jdbcType=VARCHAR},
      </if>
      <if test="status != null" >
        status = #{status,jdbcType=INTEGER},
      </if>
    </set>
    where merchant_id = #{merchantId,jdbcType=BIGINT}
      and productor_id = #{productorId,jdbcType=BIGINT}
      and commodity_id = #{commodityId,jdbcType=BIGINT}
  </update>
  <update id="updateByPrimaryKey" parameterType="cn.ideal.common.pojo.RelaMerProCom" >
    update rela_mer_pro_com
    set time = #{time,jdbcType=TIMESTAMP},
      merchant_name = #{merchantName,jdbcType=VARCHAR},
      productor_name = #{productorName,jdbcType=VARCHAR},
      commodity_name = #{commodityName,jdbcType=VARCHAR},
      status = #{status,jdbcType=INTEGER}
    where merchant_id = #{merchantId,jdbcType=BIGINT}
      and productor_id = #{productorId,jdbcType=BIGINT}
      and commodity_id = #{commodityId,jdbcType=BIGINT}
  </update>
</mapper>