<?xml version="1.0" encoding="UTF-8" ?>
<!DOCTYPE mapper PUBLIC "-//mybatis.org//DTD Mapper 3.0//EN" "http://mybatis.org/dtd/mybatis-3-mapper.dtd" >
<mapper namespace="cn.ideal.common.mapper.AccountProductorMapper" >
  <resultMap id="BaseResultMap" type="cn.ideal.common.pojo.AccountProductor" >
    <id column="id" property="id" jdbcType="BIGINT" />
    <result column="username" property="username" jdbcType="VARCHAR" />
    <result column="password" property="password" jdbcType="VARCHAR" />
    <result column="company_zh" property="companyZh" jdbcType="VARCHAR" />
    <result column="company_en" property="companyEn" jdbcType="VARCHAR" />
    <result column="logo" property="logo" jdbcType="VARCHAR" />
    <result column="founding_time" property="foundingTime" jdbcType="TIMESTAMP" />
    <result column="login_address" property="loginAddress" jdbcType="VARCHAR" />
    <result column="zip" property="zip" jdbcType="VARCHAR" />
    <result column="employees" property="employees" jdbcType="BIGINT" />
    <result column="turnover" property="turnover" jdbcType="BIGINT" />
    <result column="phone" property="phone" jdbcType="VARCHAR" />
    <result column="telephone" property="telephone" jdbcType="VARCHAR" />
    <result column="email" property="email" jdbcType="VARCHAR" />
    <result column="fax" property="fax" jdbcType="VARCHAR" />
    <result column="website" property="website" jdbcType="VARCHAR" />
    <result column="legal_representative" property="legalRepresentative" jdbcType="VARCHAR" />
    <result column="main_proprietor" property="mainProprietor" jdbcType="VARCHAR" />
    <result column="area" property="area" jdbcType="VARCHAR" />
    <result column="economic_type" property="economicType" jdbcType="VARCHAR" />
    <result column="market_passport" property="marketPassport" jdbcType="TINYINT" />
    <result column="stock_code" property="stockCode" jdbcType="VARCHAR" />
    <result column="business_field" property="businessField" jdbcType="VARCHAR" />
    <result column="bank" property="bank" jdbcType="VARCHAR" />
    <result column="bank_account" property="bankAccount" jdbcType="VARCHAR" />
    <result column="bank_permit" property="bankPermit" jdbcType="VARCHAR" />
    <result column="created" property="created" jdbcType="TIMESTAMP" />
    <result column="updated" property="updated" jdbcType="TIMESTAMP" />
    <result column="status" property="status" jdbcType="INTEGER" />
  </resultMap>
  <sql id="Example_Where_Clause" >
    <where >
      <foreach collection="oredCriteria" item="criteria" separator="or" >
        <if test="criteria.valid" >
          <trim prefix="(" suffix=")" prefixOverrides="and" >
            <foreach collection="criteria.criteria" item="criterion" >
              <choose >
                <when test="criterion.noValue" >
                  and ${criterion.condition}
                </when>
                <when test="criterion.singleValue" >
                  and ${criterion.condition} #{criterion.value}
                </when>
                <when test="criterion.betweenValue" >
                  and ${criterion.condition} #{criterion.value} and #{criterion.secondValue}
                </when>
                <when test="criterion.listValue" >
                  and ${criterion.condition}
                  <foreach collection="criterion.value" item="listItem" open="(" close=")" separator="," >
                    #{listItem}
                  </foreach>
                </when>
              </choose>
            </foreach>
          </trim>
        </if>
      </foreach>
    </where>
  </sql>
  <sql id="Update_By_Example_Where_Clause" >
    <where >
      <foreach collection="example.oredCriteria" item="criteria" separator="or" >
        <if test="criteria.valid" >
          <trim prefix="(" suffix=")" prefixOverrides="and" >
            <foreach collection="criteria.criteria" item="criterion" >
              <choose >
                <when test="criterion.noValue" >
                  and ${criterion.condition}
                </when>
                <when test="criterion.singleValue" >
                  and ${criterion.condition} #{criterion.value}
                </when>
                <when test="criterion.betweenValue" >
                  and ${criterion.condition} #{criterion.value} and #{criterion.secondValue}
                </when>
                <when test="criterion.listValue" >
                  and ${criterion.condition}
                  <foreach collection="criterion.value" item="listItem" open="(" close=")" separator="," >
                    #{listItem}
                  </foreach>
                </when>
              </choose>
            </foreach>
          </trim>
        </if>
      </foreach>
    </where>
  </sql>
  <sql id="Base_Column_List" >
    id, username, password, company_zh, company_en, logo, founding_time, login_address, 
    zip, employees, turnover, phone, telephone, email, fax, website, legal_representative, 
    main_proprietor, area, economic_type, market_passport, stock_code, business_field, 
    bank, bank_account, bank_permit, created, updated, status
  </sql>
  <select id="selectByExample" resultMap="BaseResultMap" parameterType="cn.ideal.common.pojo.AccountProductorExample" >
    select
    <if test="distinct" >
      distinct
    </if>
    <include refid="Base_Column_List" />
    from account_productor
    <if test="_parameter != null" >
      <include refid="Example_Where_Clause" />
    </if>
    <if test="orderByClause != null" >
      order by ${orderByClause}
    </if>
  </select>
  <select id="selectByPrimaryKey" resultMap="BaseResultMap" parameterType="java.lang.Long" >
    select 
    <include refid="Base_Column_List" />
    from account_productor
    where id = #{id,jdbcType=BIGINT}
  </select>
  <delete id="deleteByPrimaryKey" parameterType="java.lang.Long" >
    delete from account_productor
    where id = #{id,jdbcType=BIGINT}
  </delete>
  <delete id="deleteByExample" parameterType="cn.ideal.common.pojo.AccountProductorExample" >
    delete from account_productor
    <if test="_parameter != null" >
      <include refid="Example_Where_Clause" />
    </if>
  </delete>
  <insert id="insert" parameterType="cn.ideal.common.pojo.AccountProductor" >
    insert into account_productor (id, username, password, 
      company_zh, company_en, logo, 
      founding_time, login_address, zip, 
      employees, turnover, phone, 
      telephone, email, fax, 
      website, legal_representative, main_proprietor, 
      area, economic_type, market_passport, 
      stock_code, business_field, bank, 
      bank_account, bank_permit, created, 
      updated, status)
    values (#{id,jdbcType=BIGINT}, #{username,jdbcType=VARCHAR}, #{password,jdbcType=VARCHAR}, 
      #{companyZh,jdbcType=VARCHAR}, #{companyEn,jdbcType=VARCHAR}, #{logo,jdbcType=VARCHAR}, 
      #{foundingTime,jdbcType=TIMESTAMP}, #{loginAddress,jdbcType=VARCHAR}, #{zip,jdbcType=VARCHAR}, 
      #{employees,jdbcType=BIGINT}, #{turnover,jdbcType=BIGINT}, #{phone,jdbcType=VARCHAR}, 
      #{telephone,jdbcType=VARCHAR}, #{email,jdbcType=VARCHAR}, #{fax,jdbcType=VARCHAR}, 
      #{website,jdbcType=VARCHAR}, #{legalRepresentative,jdbcType=VARCHAR}, #{mainProprietor,jdbcType=VARCHAR}, 
      #{area,jdbcType=VARCHAR}, #{economicType,jdbcType=VARCHAR}, #{marketPassport,jdbcType=TINYINT}, 
      #{stockCode,jdbcType=VARCHAR}, #{businessField,jdbcType=VARCHAR}, #{bank,jdbcType=VARCHAR}, 
      #{bankAccount,jdbcType=VARCHAR}, #{bankPermit,jdbcType=VARCHAR}, #{created,jdbcType=TIMESTAMP}, 
      #{updated,jdbcType=TIMESTAMP}, #{status,jdbcType=INTEGER})
  </insert>
  <insert id="insertSelective" parameterType="cn.ideal.common.pojo.AccountProductor" >
    insert into account_productor
    <trim prefix="(" suffix=")" suffixOverrides="," >
      <if test="id != null" >
        id,
      </if>
      <if test="username != null" >
        username,
      </if>
      <if test="password != null" >
        password,
      </if>
      <if test="companyZh != null" >
        company_zh,
      </if>
      <if test="companyEn != null" >
        company_en,
      </if>
      <if test="logo != null" >
        logo,
      </if>
      <if test="foundingTime != null" >
        founding_time,
      </if>
      <if test="loginAddress != null" >
        login_address,
      </if>
      <if test="zip != null" >
        zip,
      </if>
      <if test="employees != null" >
        employees,
      </if>
      <if test="turnover != null" >
        turnover,
      </if>
      <if test="phone != null" >
        phone,
      </if>
      <if test="telephone != null" >
        telephone,
      </if>
      <if test="email != null" >
        email,
      </if>
      <if test="fax != null" >
        fax,
      </if>
      <if test="website != null" >
        website,
      </if>
      <if test="legalRepresentative != null" >
        legal_representative,
      </if>
      <if test="mainProprietor != null" >
        main_proprietor,
      </if>
      <if test="area != null" >
        area,
      </if>
      <if test="economicType != null" >
        economic_type,
      </if>
      <if test="marketPassport != null" >
        market_passport,
      </if>
      <if test="stockCode != null" >
        stock_code,
      </if>
      <if test="businessField != null" >
        business_field,
      </if>
      <if test="bank != null" >
        bank,
      </if>
      <if test="bankAccount != null" >
        bank_account,
      </if>
      <if test="bankPermit != null" >
        bank_permit,
      </if>
      <if test="created != null" >
        created,
      </if>
      <if test="updated != null" >
        updated,
      </if>
      <if test="status != null" >
        status,
      </if>
    </trim>
    <trim prefix="values (" suffix=")" suffixOverrides="," >
      <if test="id != null" >
        #{id,jdbcType=BIGINT},
      </if>
      <if test="username != null" >
        #{username,jdbcType=VARCHAR},
      </if>
      <if test="password != null" >
        #{password,jdbcType=VARCHAR},
      </if>
      <if test="companyZh != null" >
        #{companyZh,jdbcType=VARCHAR},
      </if>
      <if test="companyEn != null" >
        #{companyEn,jdbcType=VARCHAR},
      </if>
      <if test="logo != null" >
        #{logo,jdbcType=VARCHAR},
      </if>
      <if test="foundingTime != null" >
        #{foundingTime,jdbcType=TIMESTAMP},
      </if>
      <if test="loginAddress != null" >
        #{loginAddress,jdbcType=VARCHAR},
      </if>
      <if test="zip != null" >
        #{zip,jdbcType=VARCHAR},
      </if>
      <if test="employees != null" >
        #{employees,jdbcType=BIGINT},
      </if>
      <if test="turnover != null" >
        #{turnover,jdbcType=BIGINT},
      </if>
      <if test="phone != null" >
        #{phone,jdbcType=VARCHAR},
      </if>
      <if test="telephone != null" >
        #{telephone,jdbcType=VARCHAR},
      </if>
      <if test="email != null" >
        #{email,jdbcType=VARCHAR},
      </if>
      <if test="fax != null" >
        #{fax,jdbcType=VARCHAR},
      </if>
      <if test="website != null" >
        #{website,jdbcType=VARCHAR},
      </if>
      <if test="legalRepresentative != null" >
        #{legalRepresentative,jdbcType=VARCHAR},
      </if>
      <if test="mainProprietor != null" >
        #{mainProprietor,jdbcType=VARCHAR},
      </if>
      <if test="area != null" >
        #{area,jdbcType=VARCHAR},
      </if>
      <if test="economicType != null" >
        #{economicType,jdbcType=VARCHAR},
      </if>
      <if test="marketPassport != null" >
        #{marketPassport,jdbcType=TINYINT},
      </if>
      <if test="stockCode != null" >
        #{stockCode,jdbcType=VARCHAR},
      </if>
      <if test="businessField != null" >
        #{businessField,jdbcType=VARCHAR},
      </if>
      <if test="bank != null" >
        #{bank,jdbcType=VARCHAR},
      </if>
      <if test="bankAccount != null" >
        #{bankAccount,jdbcType=VARCHAR},
      </if>
      <if test="bankPermit != null" >
        #{bankPermit,jdbcType=VARCHAR},
      </if>
      <if test="created != null" >
        #{created,jdbcType=TIMESTAMP},
      </if>
      <if test="updated != null" >
        #{updated,jdbcType=TIMESTAMP},
      </if>
      <if test="status != null" >
        #{status,jdbcType=INTEGER},
      </if>
    </trim>
  </insert>
  <select id="countByExample" parameterType="cn.ideal.common.pojo.AccountProductorExample" resultType="java.lang.Integer" >
    select count(*) from account_productor
    <if test="_parameter != null" >
      <include refid="Example_Where_Clause" />
    </if>
  </select>
  <update id="updateByExampleSelective" parameterType="map" >
    update account_productor
    <set >
      <if test="record.id != null" >
        id = #{record.id,jdbcType=BIGINT},
      </if>
      <if test="record.username != null" >
        username = #{record.username,jdbcType=VARCHAR},
      </if>
      <if test="record.password != null" >
        password = #{record.password,jdbcType=VARCHAR},
      </if>
      <if test="record.companyZh != null" >
        company_zh = #{record.companyZh,jdbcType=VARCHAR},
      </if>
      <if test="record.companyEn != null" >
        company_en = #{record.companyEn,jdbcType=VARCHAR},
      </if>
      <if test="record.logo != null" >
        logo = #{record.logo,jdbcType=VARCHAR},
      </if>
      <if test="record.foundingTime != null" >
        founding_time = #{record.foundingTime,jdbcType=TIMESTAMP},
      </if>
      <if test="record.loginAddress != null" >
        login_address = #{record.loginAddress,jdbcType=VARCHAR},
      </if>
      <if test="record.zip != null" >
        zip = #{record.zip,jdbcType=VARCHAR},
      </if>
      <if test="record.employees != null" >
        employees = #{record.employees,jdbcType=BIGINT},
      </if>
      <if test="record.turnover != null" >
        turnover = #{record.turnover,jdbcType=BIGINT},
      </if>
      <if test="record.phone != null" >
        phone = #{record.phone,jdbcType=VARCHAR},
      </if>
      <if test="record.telephone != null" >
        telephone = #{record.telephone,jdbcType=VARCHAR},
      </if>
      <if test="record.email != null" >
        email = #{record.email,jdbcType=VARCHAR},
      </if>
      <if test="record.fax != null" >
        fax = #{record.fax,jdbcType=VARCHAR},
      </if>
      <if test="record.website != null" >
        website = #{record.website,jdbcType=VARCHAR},
      </if>
      <if test="record.legalRepresentative != null" >
        legal_representative = #{record.legalRepresentative,jdbcType=VARCHAR},
      </if>
      <if test="record.mainProprietor != null" >
        main_proprietor = #{record.mainProprietor,jdbcType=VARCHAR},
      </if>
      <if test="record.area != null" >
        area = #{record.area,jdbcType=VARCHAR},
      </if>
      <if test="record.economicType != null" >
        economic_type = #{record.economicType,jdbcType=VARCHAR},
      </if>
      <if test="record.marketPassport != null" >
        market_passport = #{record.marketPassport,jdbcType=TINYINT},
      </if>
      <if test="record.stockCode != null" >
        stock_code = #{record.stockCode,jdbcType=VARCHAR},
      </if>
      <if test="record.businessField != null" >
        business_field = #{record.businessField,jdbcType=VARCHAR},
      </if>
      <if test="record.bank != null" >
        bank = #{record.bank,jdbcType=VARCHAR},
      </if>
      <if test="record.bankAccount != null" >
        bank_account = #{record.bankAccount,jdbcType=VARCHAR},
      </if>
      <if test="record.bankPermit != null" >
        bank_permit = #{record.bankPermit,jdbcType=VARCHAR},
      </if>
      <if test="record.created != null" >
        created = #{record.created,jdbcType=TIMESTAMP},
      </if>
      <if test="record.updated != null" >
        updated = #{record.updated,jdbcType=TIMESTAMP},
      </if>
      <if test="record.status != null" >
        status = #{record.status,jdbcType=INTEGER},
      </if>
    </set>
    <if test="_parameter != null" >
      <include refid="Update_By_Example_Where_Clause" />
    </if>
  </update>
  <update id="updateByExample" parameterType="map" >
    update account_productor
    set id = #{record.id,jdbcType=BIGINT},
      username = #{record.username,jdbcType=VARCHAR},
      password = #{record.password,jdbcType=VARCHAR},
      company_zh = #{record.companyZh,jdbcType=VARCHAR},
      company_en = #{record.companyEn,jdbcType=VARCHAR},
      logo = #{record.logo,jdbcType=VARCHAR},
      founding_time = #{record.foundingTime,jdbcType=TIMESTAMP},
      login_address = #{record.loginAddress,jdbcType=VARCHAR},
      zip = #{record.zip,jdbcType=VARCHAR},
      employees = #{record.employees,jdbcType=BIGINT},
      turnover = #{record.turnover,jdbcType=BIGINT},
      phone = #{record.phone,jdbcType=VARCHAR},
      telephone = #{record.telephone,jdbcType=VARCHAR},
      email = #{record.email,jdbcType=VARCHAR},
      fax = #{record.fax,jdbcType=VARCHAR},
      website = #{record.website,jdbcType=VARCHAR},
      legal_representative = #{record.legalRepresentative,jdbcType=VARCHAR},
      main_proprietor = #{record.mainProprietor,jdbcType=VARCHAR},
      area = #{record.area,jdbcType=VARCHAR},
      economic_type = #{record.economicType,jdbcType=VARCHAR},
      market_passport = #{record.marketPassport,jdbcType=TINYINT},
      stock_code = #{record.stockCode,jdbcType=VARCHAR},
      business_field = #{record.businessField,jdbcType=VARCHAR},
      bank = #{record.bank,jdbcType=VARCHAR},
      bank_account = #{record.bankAccount,jdbcType=VARCHAR},
      bank_permit = #{record.bankPermit,jdbcType=VARCHAR},
      created = #{record.created,jdbcType=TIMESTAMP},
      updated = #{record.updated,jdbcType=TIMESTAMP},
      status = #{record.status,jdbcType=INTEGER}
    <if test="_parameter != null" >
      <include refid="Update_By_Example_Where_Clause" />
    </if>
  </update>
  <update id="updateByPrimaryKeySelective" parameterType="cn.ideal.common.pojo.AccountProductor" >
    update account_productor
    <set >
      <if test="username != null" >
        username = #{username,jdbcType=VARCHAR},
      </if>
      <if test="password != null" >
        password = #{password,jdbcType=VARCHAR},
      </if>
      <if test="companyZh != null" >
        company_zh = #{companyZh,jdbcType=VARCHAR},
      </if>
      <if test="companyEn != null" >
        company_en = #{companyEn,jdbcType=VARCHAR},
      </if>
      <if test="logo != null" >
        logo = #{logo,jdbcType=VARCHAR},
      </if>
      <if test="foundingTime != null" >
        founding_time = #{foundingTime,jdbcType=TIMESTAMP},
      </if>
      <if test="loginAddress != null" >
        login_address = #{loginAddress,jdbcType=VARCHAR},
      </if>
      <if test="zip != null" >
        zip = #{zip,jdbcType=VARCHAR},
      </if>
      <if test="employees != null" >
        employees = #{employees,jdbcType=BIGINT},
      </if>
      <if test="turnover != null" >
        turnover = #{turnover,jdbcType=BIGINT},
      </if>
      <if test="phone != null" >
        phone = #{phone,jdbcType=VARCHAR},
      </if>
      <if test="telephone != null" >
        telephone = #{telephone,jdbcType=VARCHAR},
      </if>
      <if test="email != null" >
        email = #{email,jdbcType=VARCHAR},
      </if>
      <if test="fax != null" >
        fax = #{fax,jdbcType=VARCHAR},
      </if>
      <if test="website != null" >
        website = #{website,jdbcType=VARCHAR},
      </if>
      <if test="legalRepresentative != null" >
        legal_representative = #{legalRepresentative,jdbcType=VARCHAR},
      </if>
      <if test="mainProprietor != null" >
        main_proprietor = #{mainProprietor,jdbcType=VARCHAR},
      </if>
      <if test="area != null" >
        area = #{area,jdbcType=VARCHAR},
      </if>
      <if test="economicType != null" >
        economic_type = #{economicType,jdbcType=VARCHAR},
      </if>
      <if test="marketPassport != null" >
        market_passport = #{marketPassport,jdbcType=TINYINT},
      </if>
      <if test="stockCode != null" >
        stock_code = #{stockCode,jdbcType=VARCHAR},
      </if>
      <if test="businessField != null" >
        business_field = #{businessField,jdbcType=VARCHAR},
      </if>
      <if test="bank != null" >
        bank = #{bank,jdbcType=VARCHAR},
      </if>
      <if test="bankAccount != null" >
        bank_account = #{bankAccount,jdbcType=VARCHAR},
      </if>
      <if test="bankPermit != null" >
        bank_permit = #{bankPermit,jdbcType=VARCHAR},
      </if>
      <if test="created != null" >
        created = #{created,jdbcType=TIMESTAMP},
      </if>
      <if test="updated != null" >
        updated = #{updated,jdbcType=TIMESTAMP},
      </if>
      <if test="status != null" >
        status = #{status,jdbcType=INTEGER},
      </if>
    </set>
    where id = #{id,jdbcType=BIGINT}
  </update>
  <update id="updateByPrimaryKey" parameterType="cn.ideal.common.pojo.AccountProductor" >
    update account_productor
    set username = #{username,jdbcType=VARCHAR},
      password = #{password,jdbcType=VARCHAR},
      company_zh = #{companyZh,jdbcType=VARCHAR},
      company_en = #{companyEn,jdbcType=VARCHAR},
      logo = #{logo,jdbcType=VARCHAR},
      founding_time = #{foundingTime,jdbcType=TIMESTAMP},
      login_address = #{loginAddress,jdbcType=VARCHAR},
      zip = #{zip,jdbcType=VARCHAR},
      employees = #{employees,jdbcType=BIGINT},
      turnover = #{turnover,jdbcType=BIGINT},
      phone = #{phone,jdbcType=VARCHAR},
      telephone = #{telephone,jdbcType=VARCHAR},
      email = #{email,jdbcType=VARCHAR},
      fax = #{fax,jdbcType=VARCHAR},
      website = #{website,jdbcType=VARCHAR},
      legal_representative = #{legalRepresentative,jdbcType=VARCHAR},
      main_proprietor = #{mainProprietor,jdbcType=VARCHAR},
      area = #{area,jdbcType=VARCHAR},
      economic_type = #{economicType,jdbcType=VARCHAR},
      market_passport = #{marketPassport,jdbcType=TINYINT},
      stock_code = #{stockCode,jdbcType=VARCHAR},
      business_field = #{businessField,jdbcType=VARCHAR},
      bank = #{bank,jdbcType=VARCHAR},
      bank_account = #{bankAccount,jdbcType=VARCHAR},
      bank_permit = #{bankPermit,jdbcType=VARCHAR},
      created = #{created,jdbcType=TIMESTAMP},
      updated = #{updated,jdbcType=TIMESTAMP},
      status = #{status,jdbcType=INTEGER}
    where id = #{id,jdbcType=BIGINT}
  </update>
</mapper>