<?xml version="1.0" encoding="UTF-8"?>
<!DOCTYPE mapper PUBLIC "-//mybatis.org//DTD Mapper 3.0//EN" "http://mybatis.org/dtd/mybatis-3-mapper.dtd">
<mapper namespace="cn.ideal.common.mapper.CommodityOrderItemMapper">
  <resultMap id="BaseResultMap" type="cn.ideal.common.pojo.CommodityOrderItem">
    <id column="id" jdbcType="VARCHAR" property="id" />
    <result column="item_id" jdbcType="VARCHAR" property="itemId" />
    <result column="order_id" jdbcType="VARCHAR" property="orderId" />
    <result column="number" jdbcType="VARCHAR" property="number" />
    <result column="title" jdbcType="VARCHAR" property="title" />
    <result column="price" jdbcType="VARCHAR" property="price" />
    <result column="total_fee" jdbcType="VARCHAR" property="totalFee" />
    <result column="pic_path" jdbcType="VARCHAR" property="picPath" />
  </resultMap>
  <sql id="Example_Where_Clause">
    <where>
      <foreach collection="oredCriteria" item="criteria" separator="or">
        <if test="criteria.valid">
          <trim prefix="(" prefixOverrides="and" suffix=")">
            <foreach collection="criteria.criteria" item="criterion">
              <choose>
                <when test="criterion.noValue">
                  and ${criterion.condition}
                </when>
                <when test="criterion.singleValue">
                  and ${criterion.condition} #{criterion.value}
                </when>
                <when test="criterion.betweenValue">
                  and ${criterion.condition} #{criterion.value} and #{criterion.secondValue}
                </when>
                <when test="criterion.listValue">
                  and ${criterion.condition}
                  <foreach close=")" collection="criterion.value" item="listItem" open="(" separator=",">
                    #{listItem}
                  </foreach>
                </when>
              </choose>
            </foreach>
          </trim>
        </if>
      </foreach>
    </where>
  </sql>
  <sql id="Update_By_Example_Where_Clause">
    <where>
      <foreach collection="example.oredCriteria" item="criteria" separator="or">
        <if test="criteria.valid">
          <trim prefix="(" prefixOverrides="and" suffix=")">
            <foreach collection="criteria.criteria" item="criterion">
              <choose>
                <when test="criterion.noValue">
                  and ${criterion.condition}
                </when>
                <when test="criterion.singleValue">
                  and ${criterion.condition} #{criterion.value}
                </when>
                <when test="criterion.betweenValue">
                  and ${criterion.condition} #{criterion.value} and #{criterion.secondValue}
                </when>
                <when test="criterion.listValue">
                  and ${criterion.condition}
                  <foreach close=")" collection="criterion.value" item="listItem" open="(" separator=",">
                    #{listItem}
                  </foreach>
                </when>
              </choose>
            </foreach>
          </trim>
        </if>
      </foreach>
    </where>
  </sql>
  <sql id="Base_Column_List">
    id, item_id, order_id, number, title, price, total_fee, pic_path
  </sql>
  <select id="selectByExample" parameterType="cn.ideal.common.pojo.CommodityOrderItemExample" resultMap="BaseResultMap">
    select
    <if test="distinct">
      distinct
    </if>
    <include refid="Base_Column_List" />
    from commodity_order_item
    <if test="_parameter != null">
      <include refid="Example_Where_Clause" />
    </if>
    <if test="orderByClause != null">
      order by ${orderByClause}
    </if>
  </select>
  <select id="selectByPrimaryKey" parameterType="java.lang.String" resultMap="BaseResultMap">
    select 
    <include refid="Base_Column_List" />
    from commodity_order_item
    where id = #{id,jdbcType=VARCHAR}
  </select>
  <delete id="deleteByPrimaryKey" parameterType="java.lang.String">
    delete from commodity_order_item
    where id = #{id,jdbcType=VARCHAR}
  </delete>
  <delete id="deleteByExample" parameterType="cn.ideal.common.pojo.CommodityOrderItemExample">
    delete from commodity_order_item
    <if test="_parameter != null">
      <include refid="Example_Where_Clause" />
    </if>
  </delete>
  <insert id="insert" parameterType="cn.ideal.common.pojo.CommodityOrderItem">
    insert into commodity_order_item (id, item_id, order_id, 
      number, title, price, 
      total_fee, pic_path)
    values (#{id,jdbcType=VARCHAR}, #{itemId,jdbcType=VARCHAR}, #{orderId,jdbcType=VARCHAR}, 
      #{number,jdbcType=VARCHAR}, #{title,jdbcType=VARCHAR}, #{price,jdbcType=VARCHAR}, 
      #{totalFee,jdbcType=VARCHAR}, #{picPath,jdbcType=VARCHAR})
  </insert>
  <insert id="insertSelective" parameterType="cn.ideal.common.pojo.CommodityOrderItem">
    insert into commodity_order_item
    <trim prefix="(" suffix=")" suffixOverrides=",">
      <if test="id != null">
        id,
      </if>
      <if test="itemId != null">
        item_id,
      </if>
      <if test="orderId != null">
        order_id,
      </if>
      <if test="number != null">
        number,
      </if>
      <if test="title != null">
        title,
      </if>
      <if test="price != null">
        price,
      </if>
      <if test="totalFee != null">
        total_fee,
      </if>
      <if test="picPath != null">
        pic_path,
      </if>
    </trim>
    <trim prefix="values (" suffix=")" suffixOverrides=",">
      <if test="id != null">
        #{id,jdbcType=VARCHAR},
      </if>
      <if test="itemId != null">
        #{itemId,jdbcType=VARCHAR},
      </if>
      <if test="orderId != null">
        #{orderId,jdbcType=VARCHAR},
      </if>
      <if test="number != null">
        #{number,jdbcType=VARCHAR},
      </if>
      <if test="title != null">
        #{title,jdbcType=VARCHAR},
      </if>
      <if test="price != null">
        #{price,jdbcType=VARCHAR},
      </if>
      <if test="totalFee != null">
        #{totalFee,jdbcType=VARCHAR},
      </if>
      <if test="picPath != null">
        #{picPath,jdbcType=VARCHAR},
      </if>
    </trim>
  </insert>
  <select id="countByExample" parameterType="cn.ideal.common.pojo.CommodityOrderItemExample" resultType="java.lang.Long">
    select count(*) from commodity_order_item
    <if test="_parameter != null">
      <include refid="Example_Where_Clause" />
    </if>
  </select>
  <update id="updateByExampleSelective" parameterType="map">
    update commodity_order_item
    <set>
      <if test="record.id != null">
        id = #{record.id,jdbcType=VARCHAR},
      </if>
      <if test="record.itemId != null">
        item_id = #{record.itemId,jdbcType=VARCHAR},
      </if>
      <if test="record.orderId != null">
        order_id = #{record.orderId,jdbcType=VARCHAR},
      </if>
      <if test="record.number != null">
        number = #{record.number,jdbcType=VARCHAR},
      </if>
      <if test="record.title != null">
        title = #{record.title,jdbcType=VARCHAR},
      </if>
      <if test="record.price != null">
        price = #{record.price,jdbcType=VARCHAR},
      </if>
      <if test="record.totalFee != null">
        total_fee = #{record.totalFee,jdbcType=VARCHAR},
      </if>
      <if test="record.picPath != null">
        pic_path = #{record.picPath,jdbcType=VARCHAR},
      </if>
    </set>
    <if test="_parameter != null">
      <include refid="Update_By_Example_Where_Clause" />
    </if>
  </update>
  <update id="updateByExample" parameterType="map">
    update commodity_order_item
    set id = #{record.id,jdbcType=VARCHAR},
      item_id = #{record.itemId,jdbcType=VARCHAR},
      order_id = #{record.orderId,jdbcType=VARCHAR},
      number = #{record.number,jdbcType=VARCHAR},
      title = #{record.title,jdbcType=VARCHAR},
      price = #{record.price,jdbcType=VARCHAR},
      total_fee = #{record.totalFee,jdbcType=VARCHAR},
      pic_path = #{record.picPath,jdbcType=VARCHAR}
    <if test="_parameter != null">
      <include refid="Update_By_Example_Where_Clause" />
    </if>
  </update>
  <update id="updateByPrimaryKeySelective" parameterType="cn.ideal.common.pojo.CommodityOrderItem">
    update commodity_order_item
    <set>
      <if test="itemId != null">
        item_id = #{itemId,jdbcType=VARCHAR},
      </if>
      <if test="orderId != null">
        order_id = #{orderId,jdbcType=VARCHAR},
      </if>
      <if test="number != null">
        number = #{number,jdbcType=VARCHAR},
      </if>
      <if test="title != null">
        title = #{title,jdbcType=VARCHAR},
      </if>
      <if test="price != null">
        price = #{price,jdbcType=VARCHAR},
      </if>
      <if test="totalFee != null">
        total_fee = #{totalFee,jdbcType=VARCHAR},
      </if>
      <if test="picPath != null">
        pic_path = #{picPath,jdbcType=VARCHAR},
      </if>
    </set>
    where id = #{id,jdbcType=VARCHAR}
  </update>
  <update id="updateByPrimaryKey" parameterType="cn.ideal.common.pojo.CommodityOrderItem">
    update commodity_order_item
    set item_id = #{itemId,jdbcType=VARCHAR},
      order_id = #{orderId,jdbcType=VARCHAR},
      number = #{number,jdbcType=VARCHAR},
      title = #{title,jdbcType=VARCHAR},
      price = #{price,jdbcType=VARCHAR},
      total_fee = #{totalFee,jdbcType=VARCHAR},
      pic_path = #{picPath,jdbcType=VARCHAR}
    where id = #{id,jdbcType=VARCHAR}
  </update>
</mapper>