<?xml version="1.0" encoding="UTF-8"?>
<!DOCTYPE mapper PUBLIC "-//mybatis.org//DTD Mapper 3.0//EN" "http://mybatis.org/dtd/mybatis-3-mapper.dtd">
<mapper namespace="cn.ideal.common.mapper.CommodityAddressMapper">
  <resultMap id="BaseResultMap" type="cn.ideal.common.pojo.CommodityAddress">
    <id column="id" jdbcType="BIGINT" property="id" />
    <result column="user_id" jdbcType="BIGINT" property="userId" />
    <result column="name" jdbcType="VARCHAR" property="name" />
    <result column="mobile" jdbcType="VARCHAR" property="mobile" />
    <result column="full_region" jdbcType="VARCHAR" property="fullRegion" />
    <result column="address" jdbcType="VARCHAR" property="address" />
    <result column="address_tag" jdbcType="VARCHAR" property="addressTag" />
    <result column="zip" jdbcType="VARCHAR" property="zip" />
    <result column="is_default" jdbcType="TINYINT" property="isDefault" />
  </resultMap>
  <sql id="Example_Where_Clause">
    <where>
      <foreach collection="oredCriteria" item="criteria" separator="or">
        <if test="criteria.valid">
          <trim prefix="(" prefixOverrides="and" suffix=")">
            <foreach collection="criteria.criteria" item="criterion">
              <choose>
                <when test="criterion.noValue">
                  and ${criterion.condition}
                </when>
                <when test="criterion.singleValue">
                  and ${criterion.condition} #{criterion.value}
                </when>
                <when test="criterion.betweenValue">
                  and ${criterion.condition} #{criterion.value} and #{criterion.secondValue}
                </when>
                <when test="criterion.listValue">
                  and ${criterion.condition}
                  <foreach close=")" collection="criterion.value" item="listItem" open="(" separator=",">
                    #{listItem}
                  </foreach>
                </when>
              </choose>
            </foreach>
          </trim>
        </if>
      </foreach>
    </where>
  </sql>
  <sql id="Update_By_Example_Where_Clause">
    <where>
      <foreach collection="example.oredCriteria" item="criteria" separator="or">
        <if test="criteria.valid">
          <trim prefix="(" prefixOverrides="and" suffix=")">
            <foreach collection="criteria.criteria" item="criterion">
              <choose>
                <when test="criterion.noValue">
                  and ${criterion.condition}
                </when>
                <when test="criterion.singleValue">
                  and ${criterion.condition} #{criterion.value}
                </when>
                <when test="criterion.betweenValue">
                  and ${criterion.condition} #{criterion.value} and #{criterion.secondValue}
                </when>
                <when test="criterion.listValue">
                  and ${criterion.condition}
                  <foreach close=")" collection="criterion.value" item="listItem" open="(" separator=",">
                    #{listItem}
                  </foreach>
                </when>
              </choose>
            </foreach>
          </trim>
        </if>
      </foreach>
    </where>
  </sql>
  <sql id="Base_Column_List">
    id, user_id, name, mobile, full_region, address, address_tag, zip, is_default
  </sql>
  <select id="selectByExample" parameterType="cn.ideal.common.pojo.CommodityAddressExample" resultMap="BaseResultMap">
    select
    <if test="distinct">
      distinct
    </if>
    <include refid="Base_Column_List" />
    from commodity_address
    <if test="_parameter != null">
      <include refid="Example_Where_Clause" />
    </if>
    <if test="orderByClause != null">
      order by ${orderByClause}
    </if>
  </select>
  <select id="selectByPrimaryKey" parameterType="java.lang.Long" resultMap="BaseResultMap">
    select 
    <include refid="Base_Column_List" />
    from commodity_address
    where id = #{id,jdbcType=BIGINT}
  </select>
  <delete id="deleteByPrimaryKey" parameterType="java.lang.Long">
    delete from commodity_address
    where id = #{id,jdbcType=BIGINT}
  </delete>
  <delete id="deleteByExample" parameterType="cn.ideal.common.pojo.CommodityAddressExample">
    delete from commodity_address
    <if test="_parameter != null">
      <include refid="Example_Where_Clause" />
    </if>
  </delete>
  <insert id="insert" parameterType="cn.ideal.common.pojo.CommodityAddress">
    insert into commodity_address (id, user_id, name, 
      mobile, full_region, address, 
      address_tag, zip, is_default
      )
    values (#{id,jdbcType=BIGINT}, #{userId,jdbcType=BIGINT}, #{name,jdbcType=VARCHAR}, 
      #{mobile,jdbcType=VARCHAR}, #{fullRegion,jdbcType=VARCHAR}, #{address,jdbcType=VARCHAR}, 
      #{addressTag,jdbcType=VARCHAR}, #{zip,jdbcType=VARCHAR}, #{isDefault,jdbcType=TINYINT}
      )
  </insert>
  <insert id="insertSelective" parameterType="cn.ideal.common.pojo.CommodityAddress">
    insert into commodity_address
    <trim prefix="(" suffix=")" suffixOverrides=",">
      <if test="id != null">
        id,
      </if>
      <if test="userId != null">
        user_id,
      </if>
      <if test="name != null">
        name,
      </if>
      <if test="mobile != null">
        mobile,
      </if>
      <if test="fullRegion != null">
        full_region,
      </if>
      <if test="address != null">
        address,
      </if>
      <if test="addressTag != null">
        address_tag,
      </if>
      <if test="zip != null">
        zip,
      </if>
      <if test="isDefault != null">
        is_default,
      </if>
    </trim>
    <trim prefix="values (" suffix=")" suffixOverrides=",">
      <if test="id != null">
        #{id,jdbcType=BIGINT},
      </if>
      <if test="userId != null">
        #{userId,jdbcType=BIGINT},
      </if>
      <if test="name != null">
        #{name,jdbcType=VARCHAR},
      </if>
      <if test="mobile != null">
        #{mobile,jdbcType=VARCHAR},
      </if>
      <if test="fullRegion != null">
        #{fullRegion,jdbcType=VARCHAR},
      </if>
      <if test="address != null">
        #{address,jdbcType=VARCHAR},
      </if>
      <if test="addressTag != null">
        #{addressTag,jdbcType=VARCHAR},
      </if>
      <if test="zip != null">
        #{zip,jdbcType=VARCHAR},
      </if>
      <if test="isDefault != null">
        #{isDefault,jdbcType=TINYINT},
      </if>
    </trim>
  </insert>
  <select id="countByExample" parameterType="cn.ideal.common.pojo.CommodityAddressExample" resultType="java.lang.Long">
    select count(*) from commodity_address
    <if test="_parameter != null">
      <include refid="Example_Where_Clause" />
    </if>
  </select>
  <update id="updateByExampleSelective" parameterType="map">
    update commodity_address
    <set>
      <if test="record.id != null">
        id = #{record.id,jdbcType=BIGINT},
      </if>
      <if test="record.userId != null">
        user_id = #{record.userId,jdbcType=BIGINT},
      </if>
      <if test="record.name != null">
        name = #{record.name,jdbcType=VARCHAR},
      </if>
      <if test="record.mobile != null">
        mobile = #{record.mobile,jdbcType=VARCHAR},
      </if>
      <if test="record.fullRegion != null">
        full_region = #{record.fullRegion,jdbcType=VARCHAR},
      </if>
      <if test="record.address != null">
        address = #{record.address,jdbcType=VARCHAR},
      </if>
      <if test="record.addressTag != null">
        address_tag = #{record.addressTag,jdbcType=VARCHAR},
      </if>
      <if test="record.zip != null">
        zip = #{record.zip,jdbcType=VARCHAR},
      </if>
      <if test="record.isDefault != null">
        is_default = #{record.isDefault,jdbcType=TINYINT},
      </if>
    </set>
    <if test="_parameter != null">
      <include refid="Update_By_Example_Where_Clause" />
    </if>
  </update>
  <update id="updateByExample" parameterType="map">
    update commodity_address
    set id = #{record.id,jdbcType=BIGINT},
      user_id = #{record.userId,jdbcType=BIGINT},
      name = #{record.name,jdbcType=VARCHAR},
      mobile = #{record.mobile,jdbcType=VARCHAR},
      full_region = #{record.fullRegion,jdbcType=VARCHAR},
      address = #{record.address,jdbcType=VARCHAR},
      address_tag = #{record.addressTag,jdbcType=VARCHAR},
      zip = #{record.zip,jdbcType=VARCHAR},
      is_default = #{record.isDefault,jdbcType=TINYINT}
    <if test="_parameter != null">
      <include refid="Update_By_Example_Where_Clause" />
    </if>
  </update>
  <update id="updateByPrimaryKeySelective" parameterType="cn.ideal.common.pojo.CommodityAddress">
    update commodity_address
    <set>
      <if test="userId != null">
        user_id = #{userId,jdbcType=BIGINT},
      </if>
      <if test="name != null">
        name = #{name,jdbcType=VARCHAR},
      </if>
      <if test="mobile != null">
        mobile = #{mobile,jdbcType=VARCHAR},
      </if>
      <if test="fullRegion != null">
        full_region = #{fullRegion,jdbcType=VARCHAR},
      </if>
      <if test="address != null">
        address = #{address,jdbcType=VARCHAR},
      </if>
      <if test="addressTag != null">
        address_tag = #{addressTag,jdbcType=VARCHAR},
      </if>
      <if test="zip != null">
        zip = #{zip,jdbcType=VARCHAR},
      </if>
      <if test="isDefault != null">
        is_default = #{isDefault,jdbcType=TINYINT},
      </if>
    </set>
    where id = #{id,jdbcType=BIGINT}
  </update>
  <update id="updateByPrimaryKey" parameterType="cn.ideal.common.pojo.CommodityAddress">
    update commodity_address
    set user_id = #{userId,jdbcType=BIGINT},
      name = #{name,jdbcType=VARCHAR},
      mobile = #{mobile,jdbcType=VARCHAR},
      full_region = #{fullRegion,jdbcType=VARCHAR},
      address = #{address,jdbcType=VARCHAR},
      address_tag = #{addressTag,jdbcType=VARCHAR},
      zip = #{zip,jdbcType=VARCHAR},
      is_default = #{isDefault,jdbcType=TINYINT}
    where id = #{id,jdbcType=BIGINT}
  </update>
</mapper>