<?xml version="1.0" encoding="UTF-8" ?>
<!DOCTYPE mapper PUBLIC "-//mybatis.org//DTD Mapper 3.0//EN" "http://mybatis.org/dtd/mybatis-3-mapper.dtd" >
<mapper namespace="cn.ideal.common.mapper.CommoditySkuSpevMapper" >
  <resultMap id="BaseResultMap" type="cn.ideal.common.pojo.CommoditySkuSpevKey" >
    <id column="skuid" property="skuid" jdbcType="BIGINT" />
    <id column="spevid" property="spevid" jdbcType="BIGINT" />
  </resultMap>
  <sql id="Example_Where_Clause" >
    <where >
      <foreach collection="oredCriteria" item="criteria" separator="or" >
        <if test="criteria.valid" >
          <trim prefix="(" suffix=")" prefixOverrides="and" >
            <foreach collection="criteria.criteria" item="criterion" >
              <choose >
                <when test="criterion.noValue" >
                  and ${criterion.condition}
                </when>
                <when test="criterion.singleValue" >
                  and ${criterion.condition} #{criterion.value}
                </when>
                <when test="criterion.betweenValue" >
                  and ${criterion.condition} #{criterion.value} and #{criterion.secondValue}
                </when>
                <when test="criterion.listValue" >
                  and ${criterion.condition}
                  <foreach collection="criterion.value" item="listItem" open="(" close=")" separator="," >
                    #{listItem}
                  </foreach>
                </when>
              </choose>
            </foreach>
          </trim>
        </if>
      </foreach>
    </where>
  </sql>
  <sql id="Update_By_Example_Where_Clause" >
    <where >
      <foreach collection="example.oredCriteria" item="criteria" separator="or" >
        <if test="criteria.valid" >
          <trim prefix="(" suffix=")" prefixOverrides="and" >
            <foreach collection="criteria.criteria" item="criterion" >
              <choose >
                <when test="criterion.noValue" >
                  and ${criterion.condition}
                </when>
                <when test="criterion.singleValue" >
                  and ${criterion.condition} #{criterion.value}
                </when>
                <when test="criterion.betweenValue" >
                  and ${criterion.condition} #{criterion.value} and #{criterion.secondValue}
                </when>
                <when test="criterion.listValue" >
                  and ${criterion.condition}
                  <foreach collection="criterion.value" item="listItem" open="(" close=")" separator="," >
                    #{listItem}
                  </foreach>
                </when>
              </choose>
            </foreach>
          </trim>
        </if>
      </foreach>
    </where>
  </sql>
  <sql id="Base_Column_List" >
    skuid, spevid
  </sql>
  <select id="selectByExample" resultMap="BaseResultMap" parameterType="cn.ideal.common.pojo.CommoditySkuSpevExample" >
    select
    <if test="distinct" >
      distinct
    </if>
    <include refid="Base_Column_List" />
    from commodity_sku_spev
    <if test="_parameter != null" >
      <include refid="Example_Where_Clause" />
    </if>
    <if test="orderByClause != null" >
      order by ${orderByClause}
    </if>
  </select>
  <delete id="deleteByPrimaryKey" parameterType="cn.ideal.common.pojo.CommoditySkuSpevKey" >
    delete from commodity_sku_spev
    where skuid = #{skuid,jdbcType=BIGINT}
      and spevid = #{spevid,jdbcType=BIGINT}
  </delete>
  <delete id="deleteByExample" parameterType="cn.ideal.common.pojo.CommoditySkuSpevExample" >
    delete from commodity_sku_spev
    <if test="_parameter != null" >
      <include refid="Example_Where_Clause" />
    </if>
  </delete>
  <insert id="insert" parameterType="cn.ideal.common.pojo.CommoditySkuSpevKey" >
    insert into commodity_sku_spev (skuid, spevid)
    values (#{skuid,jdbcType=BIGINT}, #{spevid,jdbcType=BIGINT})
  </insert>
  <insert id="insertSelective" parameterType="cn.ideal.common.pojo.CommoditySkuSpevKey" >
    insert into commodity_sku_spev
    <trim prefix="(" suffix=")" suffixOverrides="," >
      <if test="skuid != null" >
        skuid,
      </if>
      <if test="spevid != null" >
        spevid,
      </if>
    </trim>
    <trim prefix="values (" suffix=")" suffixOverrides="," >
      <if test="skuid != null" >
        #{skuid,jdbcType=BIGINT},
      </if>
      <if test="spevid != null" >
        #{spevid,jdbcType=BIGINT},
      </if>
    </trim>
  </insert>
  <select id="countByExample" parameterType="cn.ideal.common.pojo.CommoditySkuSpevExample" resultType="java.lang.Integer" >
    select count(*) from commodity_sku_spev
    <if test="_parameter != null" >
      <include refid="Example_Where_Clause" />
    </if>
  </select>
  <update id="updateByExampleSelective" parameterType="map" >
    update commodity_sku_spev
    <set >
      <if test="record.skuid != null" >
        skuid = #{record.skuid,jdbcType=BIGINT},
      </if>
      <if test="record.spevid != null" >
        spevid = #{record.spevid,jdbcType=BIGINT},
      </if>
    </set>
    <if test="_parameter != null" >
      <include refid="Update_By_Example_Where_Clause" />
    </if>
  </update>
  <update id="updateByExample" parameterType="map" >
    update commodity_sku_spev
    set skuid = #{record.skuid,jdbcType=BIGINT},
      spevid = #{record.spevid,jdbcType=BIGINT}
    <if test="_parameter != null" >
      <include refid="Update_By_Example_Where_Clause" />
    </if>
  </update>
</mapper>