<?xml version="1.0" encoding="UTF-8" ?>
<!DOCTYPE mapper PUBLIC "-//mybatis.org//DTD Mapper 3.0//EN" "http://mybatis.org/dtd/mybatis-3-mapper.dtd" >
<mapper namespace="cn.ideal.common.mapper.CommoditySpuSpeMapper" >
  <resultMap id="BaseResultMap" type="cn.ideal.common.pojo.CommoditySpuSpeKey" >
    <id column="spuid" property="spuid" jdbcType="BIGINT" />
    <id column="speid" property="speid" jdbcType="BIGINT" />
  </resultMap>
  <sql id="Example_Where_Clause" >
    <where >
      <foreach collection="oredCriteria" item="criteria" separator="or" >
        <if test="criteria.valid" >
          <trim prefix="(" suffix=")" prefixOverrides="and" >
            <foreach collection="criteria.criteria" item="criterion" >
              <choose >
                <when test="criterion.noValue" >
                  and ${criterion.condition}
                </when>
                <when test="criterion.singleValue" >
                  and ${criterion.condition} #{criterion.value}
                </when>
                <when test="criterion.betweenValue" >
                  and ${criterion.condition} #{criterion.value} and #{criterion.secondValue}
                </when>
                <when test="criterion.listValue" >
                  and ${criterion.condition}
                  <foreach collection="criterion.value" item="listItem" open="(" close=")" separator="," >
                    #{listItem}
                  </foreach>
                </when>
              </choose>
            </foreach>
          </trim>
        </if>
      </foreach>
    </where>
  </sql>
  <sql id="Update_By_Example_Where_Clause" >
    <where >
      <foreach collection="example.oredCriteria" item="criteria" separator="or" >
        <if test="criteria.valid" >
          <trim prefix="(" suffix=")" prefixOverrides="and" >
            <foreach collection="criteria.criteria" item="criterion" >
              <choose >
                <when test="criterion.noValue" >
                  and ${criterion.condition}
                </when>
                <when test="criterion.singleValue" >
                  and ${criterion.condition} #{criterion.value}
                </when>
                <when test="criterion.betweenValue" >
                  and ${criterion.condition} #{criterion.value} and #{criterion.secondValue}
                </when>
                <when test="criterion.listValue" >
                  and ${criterion.condition}
                  <foreach collection="criterion.value" item="listItem" open="(" close=")" separator="," >
                    #{listItem}
                  </foreach>
                </when>
              </choose>
            </foreach>
          </trim>
        </if>
      </foreach>
    </where>
  </sql>
  <sql id="Base_Column_List" >
    spuid, speid
  </sql>
  <select id="selectByExample" resultMap="BaseResultMap" parameterType="cn.ideal.common.pojo.CommoditySpuSpeExample" >
    select
    <if test="distinct" >
      distinct
    </if>
    <include refid="Base_Column_List" />
    from commodity_spu_spe
    <if test="_parameter != null" >
      <include refid="Example_Where_Clause" />
    </if>
    <if test="orderByClause != null" >
      order by ${orderByClause}
    </if>
  </select>
  <delete id="deleteByPrimaryKey" parameterType="cn.ideal.common.pojo.CommoditySpuSpeKey" >
    delete from commodity_spu_spe
    where spuid = #{spuid,jdbcType=BIGINT}
      and speid = #{speid,jdbcType=BIGINT}
  </delete>
  <delete id="deleteByExample" parameterType="cn.ideal.common.pojo.CommoditySpuSpeExample" >
    delete from commodity_spu_spe
    <if test="_parameter != null" >
      <include refid="Example_Where_Clause" />
    </if>
  </delete>
  <insert id="insert" parameterType="cn.ideal.common.pojo.CommoditySpuSpeKey" >
    insert into commodity_spu_spe (spuid, speid)
    values (#{spuid,jdbcType=BIGINT}, #{speid,jdbcType=BIGINT})
  </insert>
  <insert id="insertSelective" parameterType="cn.ideal.common.pojo.CommoditySpuSpeKey" >
    insert into commodity_spu_spe
    <trim prefix="(" suffix=")" suffixOverrides="," >
      <if test="spuid != null" >
        spuid,
      </if>
      <if test="speid != null" >
        speid,
      </if>
    </trim>
    <trim prefix="values (" suffix=")" suffixOverrides="," >
      <if test="spuid != null" >
        #{spuid,jdbcType=BIGINT},
      </if>
      <if test="speid != null" >
        #{speid,jdbcType=BIGINT},
      </if>
    </trim>
  </insert>
  <select id="countByExample" parameterType="cn.ideal.common.pojo.CommoditySpuSpeExample" resultType="java.lang.Integer" >
    select count(*) from commodity_spu_spe
    <if test="_parameter != null" >
      <include refid="Example_Where_Clause" />
    </if>
  </select>
  <update id="updateByExampleSelective" parameterType="map" >
    update commodity_spu_spe
    <set >
      <if test="record.spuid != null" >
        spuid = #{record.spuid,jdbcType=BIGINT},
      </if>
      <if test="record.speid != null" >
        speid = #{record.speid,jdbcType=BIGINT},
      </if>
    </set>
    <if test="_parameter != null" >
      <include refid="Update_By_Example_Where_Clause" />
    </if>
  </update>
  <update id="updateByExample" parameterType="map" >
    update commodity_spu_spe
    set spuid = #{record.spuid,jdbcType=BIGINT},
      speid = #{record.speid,jdbcType=BIGINT}
    <if test="_parameter != null" >
      <include refid="Update_By_Example_Where_Clause" />
    </if>
  </update>
</mapper>