<?xml version="1.0" encoding="UTF-8"?>
<!DOCTYPE mapper PUBLIC "-//mybatis.org//DTD Mapper 3.0//EN" "http://mybatis.org/dtd/mybatis-3-mapper.dtd">
<mapper namespace="cn.ideal.common.mapper.CommodityOrderMapper">
  <resultMap id="BaseResultMap" type="cn.ideal.common.pojo.CommodityOrder">
    <id column="id" jdbcType="VARCHAR" property="id" />
    <result column="payment" jdbcType="VARCHAR" property="payment" />
    <result column="payment_type" jdbcType="INTEGER" property="paymentType" />
    <result column="post_fee" jdbcType="VARCHAR" property="postFee" />
    <result column="status" jdbcType="TINYINT" property="status" />
    <result column="payment_time" jdbcType="TIMESTAMP" property="paymentTime" />
    <result column="close_time" jdbcType="TIMESTAMP" property="closeTime" />
    <result column="end_time" jdbcType="TIMESTAMP" property="endTime" />
    <result column="consign_time" jdbcType="TIMESTAMP" property="consignTime" />
    <result column="shipping_name" jdbcType="VARCHAR" property="shippingName" />
    <result column="shipping_code" jdbcType="VARCHAR" property="shippingCode" />
    <result column="user_id" jdbcType="BIGINT" property="userId" />
    <result column="buyer_message" jdbcType="VARCHAR" property="buyerMessage" />
    <result column="buyer_nick" jdbcType="VARCHAR" property="buyerNick" />
    <result column="buyer_rate" jdbcType="TINYINT" property="buyerRate" />
    <result column="created" jdbcType="TIMESTAMP" property="created" />
    <result column="updated" jdbcType="TIMESTAMP" property="updated" />
  </resultMap>
  <sql id="Example_Where_Clause">
    <where>
      <foreach collection="oredCriteria" item="criteria" separator="or">
        <if test="criteria.valid">
          <trim prefix="(" prefixOverrides="and" suffix=")">
            <foreach collection="criteria.criteria" item="criterion">
              <choose>
                <when test="criterion.noValue">
                  and ${criterion.condition}
                </when>
                <when test="criterion.singleValue">
                  and ${criterion.condition} #{criterion.value}
                </when>
                <when test="criterion.betweenValue">
                  and ${criterion.condition} #{criterion.value} and #{criterion.secondValue}
                </when>
                <when test="criterion.listValue">
                  and ${criterion.condition}
                  <foreach close=")" collection="criterion.value" item="listItem" open="(" separator=",">
                    #{listItem}
                  </foreach>
                </when>
              </choose>
            </foreach>
          </trim>
        </if>
      </foreach>
    </where>
  </sql>
  <sql id="Update_By_Example_Where_Clause">
    <where>
      <foreach collection="example.oredCriteria" item="criteria" separator="or">
        <if test="criteria.valid">
          <trim prefix="(" prefixOverrides="and" suffix=")">
            <foreach collection="criteria.criteria" item="criterion">
              <choose>
                <when test="criterion.noValue">
                  and ${criterion.condition}
                </when>
                <when test="criterion.singleValue">
                  and ${criterion.condition} #{criterion.value}
                </when>
                <when test="criterion.betweenValue">
                  and ${criterion.condition} #{criterion.value} and #{criterion.secondValue}
                </when>
                <when test="criterion.listValue">
                  and ${criterion.condition}
                  <foreach close=")" collection="criterion.value" item="listItem" open="(" separator=",">
                    #{listItem}
                  </foreach>
                </when>
              </choose>
            </foreach>
          </trim>
        </if>
      </foreach>
    </where>
  </sql>
  <sql id="Base_Column_List">
    id, payment, payment_type, post_fee, status, payment_time, close_time, end_time, 
    consign_time, shipping_name, shipping_code, user_id, buyer_message, buyer_nick, buyer_rate, 
    created, updated
  </sql>
  <select id="selectByExample" parameterType="cn.ideal.common.pojo.CommodityOrderExample" resultMap="BaseResultMap">
    select
    <if test="distinct">
      distinct
    </if>
    <include refid="Base_Column_List" />
    from commodity_order
    <if test="_parameter != null">
      <include refid="Example_Where_Clause" />
    </if>
    <if test="orderByClause != null">
      order by ${orderByClause}
    </if>
  </select>
  <select id="selectByPrimaryKey" parameterType="java.lang.String" resultMap="BaseResultMap">
    select 
    <include refid="Base_Column_List" />
    from commodity_order
    where id = #{id,jdbcType=VARCHAR}
  </select>
  <delete id="deleteByPrimaryKey" parameterType="java.lang.String">
    delete from commodity_order
    where id = #{id,jdbcType=VARCHAR}
  </delete>
  <delete id="deleteByExample" parameterType="cn.ideal.common.pojo.CommodityOrderExample">
    delete from commodity_order
    <if test="_parameter != null">
      <include refid="Example_Where_Clause" />
    </if>
  </delete>
  <insert id="insert" parameterType="cn.ideal.common.pojo.CommodityOrder">
    insert into commodity_order (id, payment, payment_type, 
      post_fee, status, payment_time, 
      close_time, end_time, consign_time, 
      shipping_name, shipping_code, user_id, 
      buyer_message, buyer_nick, buyer_rate, 
      created, updated)
    values (#{id,jdbcType=VARCHAR}, #{payment,jdbcType=VARCHAR}, #{paymentType,jdbcType=INTEGER}, 
      #{postFee,jdbcType=VARCHAR}, #{status,jdbcType=TINYINT}, #{paymentTime,jdbcType=TIMESTAMP}, 
      #{closeTime,jdbcType=TIMESTAMP}, #{endTime,jdbcType=TIMESTAMP}, #{consignTime,jdbcType=TIMESTAMP}, 
      #{shippingName,jdbcType=VARCHAR}, #{shippingCode,jdbcType=VARCHAR}, #{userId,jdbcType=BIGINT}, 
      #{buyerMessage,jdbcType=VARCHAR}, #{buyerNick,jdbcType=VARCHAR}, #{buyerRate,jdbcType=TINYINT}, 
      #{created,jdbcType=TIMESTAMP}, #{updated,jdbcType=TIMESTAMP})
  </insert>
  <insert id="insertSelective" parameterType="cn.ideal.common.pojo.CommodityOrder">
    insert into commodity_order
    <trim prefix="(" suffix=")" suffixOverrides=",">
      <if test="id != null">
        id,
      </if>
      <if test="payment != null">
        payment,
      </if>
      <if test="paymentType != null">
        payment_type,
      </if>
      <if test="postFee != null">
        post_fee,
      </if>
      <if test="status != null">
        status,
      </if>
      <if test="paymentTime != null">
        payment_time,
      </if>
      <if test="closeTime != null">
        close_time,
      </if>
      <if test="endTime != null">
        end_time,
      </if>
      <if test="consignTime != null">
        consign_time,
      </if>
      <if test="shippingName != null">
        shipping_name,
      </if>
      <if test="shippingCode != null">
        shipping_code,
      </if>
      <if test="userId != null">
        user_id,
      </if>
      <if test="buyerMessage != null">
        buyer_message,
      </if>
      <if test="buyerNick != null">
        buyer_nick,
      </if>
      <if test="buyerRate != null">
        buyer_rate,
      </if>
      <if test="created != null">
        created,
      </if>
      <if test="updated != null">
        updated,
      </if>
    </trim>
    <trim prefix="values (" suffix=")" suffixOverrides=",">
      <if test="id != null">
        #{id,jdbcType=VARCHAR},
      </if>
      <if test="payment != null">
        #{payment,jdbcType=VARCHAR},
      </if>
      <if test="paymentType != null">
        #{paymentType,jdbcType=INTEGER},
      </if>
      <if test="postFee != null">
        #{postFee,jdbcType=VARCHAR},
      </if>
      <if test="status != null">
        #{status,jdbcType=TINYINT},
      </if>
      <if test="paymentTime != null">
        #{paymentTime,jdbcType=TIMESTAMP},
      </if>
      <if test="closeTime != null">
        #{closeTime,jdbcType=TIMESTAMP},
      </if>
      <if test="endTime != null">
        #{endTime,jdbcType=TIMESTAMP},
      </if>
      <if test="consignTime != null">
        #{consignTime,jdbcType=TIMESTAMP},
      </if>
      <if test="shippingName != null">
        #{shippingName,jdbcType=VARCHAR},
      </if>
      <if test="shippingCode != null">
        #{shippingCode,jdbcType=VARCHAR},
      </if>
      <if test="userId != null">
        #{userId,jdbcType=BIGINT},
      </if>
      <if test="buyerMessage != null">
        #{buyerMessage,jdbcType=VARCHAR},
      </if>
      <if test="buyerNick != null">
        #{buyerNick,jdbcType=VARCHAR},
      </if>
      <if test="buyerRate != null">
        #{buyerRate,jdbcType=TINYINT},
      </if>
      <if test="created != null">
        #{created,jdbcType=TIMESTAMP},
      </if>
      <if test="updated != null">
        #{updated,jdbcType=TIMESTAMP},
      </if>
    </trim>
  </insert>
  <select id="countByExample" parameterType="cn.ideal.common.pojo.CommodityOrderExample" resultType="java.lang.Long">
    select count(*) from commodity_order
    <if test="_parameter != null">
      <include refid="Example_Where_Clause" />
    </if>
  </select>
  <update id="updateByExampleSelective" parameterType="map">
    update commodity_order
    <set>
      <if test="record.id != null">
        id = #{record.id,jdbcType=VARCHAR},
      </if>
      <if test="record.payment != null">
        payment = #{record.payment,jdbcType=VARCHAR},
      </if>
      <if test="record.paymentType != null">
        payment_type = #{record.paymentType,jdbcType=INTEGER},
      </if>
      <if test="record.postFee != null">
        post_fee = #{record.postFee,jdbcType=VARCHAR},
      </if>
      <if test="record.status != null">
        status = #{record.status,jdbcType=TINYINT},
      </if>
      <if test="record.paymentTime != null">
        payment_time = #{record.paymentTime,jdbcType=TIMESTAMP},
      </if>
      <if test="record.closeTime != null">
        close_time = #{record.closeTime,jdbcType=TIMESTAMP},
      </if>
      <if test="record.endTime != null">
        end_time = #{record.endTime,jdbcType=TIMESTAMP},
      </if>
      <if test="record.consignTime != null">
        consign_time = #{record.consignTime,jdbcType=TIMESTAMP},
      </if>
      <if test="record.shippingName != null">
        shipping_name = #{record.shippingName,jdbcType=VARCHAR},
      </if>
      <if test="record.shippingCode != null">
        shipping_code = #{record.shippingCode,jdbcType=VARCHAR},
      </if>
      <if test="record.userId != null">
        user_id = #{record.userId,jdbcType=BIGINT},
      </if>
      <if test="record.buyerMessage != null">
        buyer_message = #{record.buyerMessage,jdbcType=VARCHAR},
      </if>
      <if test="record.buyerNick != null">
        buyer_nick = #{record.buyerNick,jdbcType=VARCHAR},
      </if>
      <if test="record.buyerRate != null">
        buyer_rate = #{record.buyerRate,jdbcType=TINYINT},
      </if>
      <if test="record.created != null">
        created = #{record.created,jdbcType=TIMESTAMP},
      </if>
      <if test="record.updated != null">
        updated = #{record.updated,jdbcType=TIMESTAMP},
      </if>
    </set>
    <if test="_parameter != null">
      <include refid="Update_By_Example_Where_Clause" />
    </if>
  </update>
  <update id="updateByExample" parameterType="map">
    update commodity_order
    set id = #{record.id,jdbcType=VARCHAR},
      payment = #{record.payment,jdbcType=VARCHAR},
      payment_type = #{record.paymentType,jdbcType=INTEGER},
      post_fee = #{record.postFee,jdbcType=VARCHAR},
      status = #{record.status,jdbcType=TINYINT},
      payment_time = #{record.paymentTime,jdbcType=TIMESTAMP},
      close_time = #{record.closeTime,jdbcType=TIMESTAMP},
      end_time = #{record.endTime,jdbcType=TIMESTAMP},
      consign_time = #{record.consignTime,jdbcType=TIMESTAMP},
      shipping_name = #{record.shippingName,jdbcType=VARCHAR},
      shipping_code = #{record.shippingCode,jdbcType=VARCHAR},
      user_id = #{record.userId,jdbcType=BIGINT},
      buyer_message = #{record.buyerMessage,jdbcType=VARCHAR},
      buyer_nick = #{record.buyerNick,jdbcType=VARCHAR},
      buyer_rate = #{record.buyerRate,jdbcType=TINYINT},
      created = #{record.created,jdbcType=TIMESTAMP},
      updated = #{record.updated,jdbcType=TIMESTAMP}
    <if test="_parameter != null">
      <include refid="Update_By_Example_Where_Clause" />
    </if>
  </update>
  <update id="updateByPrimaryKeySelective" parameterType="cn.ideal.common.pojo.CommodityOrder">
    update commodity_order
    <set>
      <if test="payment != null">
        payment = #{payment,jdbcType=VARCHAR},
      </if>
      <if test="paymentType != null">
        payment_type = #{paymentType,jdbcType=INTEGER},
      </if>
      <if test="postFee != null">
        post_fee = #{postFee,jdbcType=VARCHAR},
      </if>
      <if test="status != null">
        status = #{status,jdbcType=TINYINT},
      </if>
      <if test="paymentTime != null">
        payment_time = #{paymentTime,jdbcType=TIMESTAMP},
      </if>
      <if test="closeTime != null">
        close_time = #{closeTime,jdbcType=TIMESTAMP},
      </if>
      <if test="endTime != null">
        end_time = #{endTime,jdbcType=TIMESTAMP},
      </if>
      <if test="consignTime != null">
        consign_time = #{consignTime,jdbcType=TIMESTAMP},
      </if>
      <if test="shippingName != null">
        shipping_name = #{shippingName,jdbcType=VARCHAR},
      </if>
      <if test="shippingCode != null">
        shipping_code = #{shippingCode,jdbcType=VARCHAR},
      </if>
      <if test="userId != null">
        user_id = #{userId,jdbcType=BIGINT},
      </if>
      <if test="buyerMessage != null">
        buyer_message = #{buyerMessage,jdbcType=VARCHAR},
      </if>
      <if test="buyerNick != null">
        buyer_nick = #{buyerNick,jdbcType=VARCHAR},
      </if>
      <if test="buyerRate != null">
        buyer_rate = #{buyerRate,jdbcType=TINYINT},
      </if>
      <if test="created != null">
        created = #{created,jdbcType=TIMESTAMP},
      </if>
      <if test="updated != null">
        updated = #{updated,jdbcType=TIMESTAMP},
      </if>
    </set>
    where id = #{id,jdbcType=VARCHAR}
  </update>
  <update id="updateByPrimaryKey" parameterType="cn.ideal.common.pojo.CommodityOrder">
    update commodity_order
    set payment = #{payment,jdbcType=VARCHAR},
      payment_type = #{paymentType,jdbcType=INTEGER},
      post_fee = #{postFee,jdbcType=VARCHAR},
      status = #{status,jdbcType=TINYINT},
      payment_time = #{paymentTime,jdbcType=TIMESTAMP},
      close_time = #{closeTime,jdbcType=TIMESTAMP},
      end_time = #{endTime,jdbcType=TIMESTAMP},
      consign_time = #{consignTime,jdbcType=TIMESTAMP},
      shipping_name = #{shippingName,jdbcType=VARCHAR},
      shipping_code = #{shippingCode,jdbcType=VARCHAR},
      user_id = #{userId,jdbcType=BIGINT},
      buyer_message = #{buyerMessage,jdbcType=VARCHAR},
      buyer_nick = #{buyerNick,jdbcType=VARCHAR},
      buyer_rate = #{buyerRate,jdbcType=TINYINT},
      created = #{created,jdbcType=TIMESTAMP},
      updated = #{updated,jdbcType=TIMESTAMP}
    where id = #{id,jdbcType=VARCHAR}
  </update>
</mapper>