<?xml version="1.0" encoding="UTF-8"?>
<!DOCTYPE mapper PUBLIC "-//mybatis.org//DTD Mapper 3.0//EN" "http://mybatis.org/dtd/mybatis-3-mapper.dtd">
<mapper namespace="cn.ideal.common.mapper.CommodityCartMapper">
  <resultMap id="BaseResultMap" type="cn.ideal.common.pojo.CommodityCart">
    <id column="id" jdbcType="BIGINT" property="id" />
    <result column="user_id" jdbcType="BIGINT" property="userId" />
    <result column="sku_id" jdbcType="BIGINT" property="skuId" />
    <result column="title" jdbcType="VARCHAR" property="title" />
    <result column="image" jdbcType="VARCHAR" property="image" />
    <result column="price" jdbcType="INTEGER" property="price" />
    <result column="amount" jdbcType="INTEGER" property="amount" />
    <result column="spe" jdbcType="VARCHAR" property="spe" />
    <result column="created" jdbcType="TIMESTAMP" property="created" />
    <result column="checked" jdbcType="TINYINT" property="checked" />
  </resultMap>
  <sql id="Example_Where_Clause">
    <where>
      <foreach collection="oredCriteria" item="criteria" separator="or">
        <if test="criteria.valid">
          <trim prefix="(" prefixOverrides="and" suffix=")">
            <foreach collection="criteria.criteria" item="criterion">
              <choose>
                <when test="criterion.noValue">
                  and ${criterion.condition}
                </when>
                <when test="criterion.singleValue">
                  and ${criterion.condition} #{criterion.value}
                </when>
                <when test="criterion.betweenValue">
                  and ${criterion.condition} #{criterion.value} and #{criterion.secondValue}
                </when>
                <when test="criterion.listValue">
                  and ${criterion.condition}
                  <foreach close=")" collection="criterion.value" item="listItem" open="(" separator=",">
                    #{listItem}
                  </foreach>
                </when>
              </choose>
            </foreach>
          </trim>
        </if>
      </foreach>
    </where>
  </sql>
  <sql id="Update_By_Example_Where_Clause">
    <where>
      <foreach collection="example.oredCriteria" item="criteria" separator="or">
        <if test="criteria.valid">
          <trim prefix="(" prefixOverrides="and" suffix=")">
            <foreach collection="criteria.criteria" item="criterion">
              <choose>
                <when test="criterion.noValue">
                  and ${criterion.condition}
                </when>
                <when test="criterion.singleValue">
                  and ${criterion.condition} #{criterion.value}
                </when>
                <when test="criterion.betweenValue">
                  and ${criterion.condition} #{criterion.value} and #{criterion.secondValue}
                </when>
                <when test="criterion.listValue">
                  and ${criterion.condition}
                  <foreach close=")" collection="criterion.value" item="listItem" open="(" separator=",">
                    #{listItem}
                  </foreach>
                </when>
              </choose>
            </foreach>
          </trim>
        </if>
      </foreach>
    </where>
  </sql>
  <sql id="Base_Column_List">
    id, user_id, sku_id, title, image, price, amount, spe, created, checked
  </sql>
  <select id="selectByExample" parameterType="cn.ideal.common.pojo.CommodityCartExample" resultMap="BaseResultMap">
    select
    <if test="distinct">
      distinct
    </if>
    <include refid="Base_Column_List" />
    from commodity_cart
    <if test="_parameter != null">
      <include refid="Example_Where_Clause" />
    </if>
    <if test="orderByClause != null">
      order by ${orderByClause}
    </if>
  </select>
  <select id="selectByPrimaryKey" parameterType="java.lang.Long" resultMap="BaseResultMap">
    select 
    <include refid="Base_Column_List" />
    from commodity_cart
    where id = #{id,jdbcType=BIGINT}
  </select>
  <delete id="deleteByPrimaryKey" parameterType="java.lang.Long">
    delete from commodity_cart
    where id = #{id,jdbcType=BIGINT}
  </delete>
  <delete id="deleteByExample" parameterType="cn.ideal.common.pojo.CommodityCartExample">
    delete from commodity_cart
    <if test="_parameter != null">
      <include refid="Example_Where_Clause" />
    </if>
  </delete>
  <insert id="insert" parameterType="cn.ideal.common.pojo.CommodityCart">
    insert into commodity_cart (id, user_id, sku_id, 
      title, image, price, 
      amount, spe, created, 
      checked)
    values (#{id,jdbcType=BIGINT}, #{userId,jdbcType=BIGINT}, #{skuId,jdbcType=BIGINT}, 
      #{title,jdbcType=VARCHAR}, #{image,jdbcType=VARCHAR}, #{price,jdbcType=INTEGER}, 
      #{amount,jdbcType=INTEGER}, #{spe,jdbcType=VARCHAR}, #{created,jdbcType=TIMESTAMP}, 
      #{checked,jdbcType=TINYINT})
  </insert>
  <insert id="insertSelective" parameterType="cn.ideal.common.pojo.CommodityCart">
    insert into commodity_cart
    <trim prefix="(" suffix=")" suffixOverrides=",">
      <if test="id != null">
        id,
      </if>
      <if test="userId != null">
        user_id,
      </if>
      <if test="skuId != null">
        sku_id,
      </if>
      <if test="title != null">
        title,
      </if>
      <if test="image != null">
        image,
      </if>
      <if test="price != null">
        price,
      </if>
      <if test="amount != null">
        amount,
      </if>
      <if test="spe != null">
        spe,
      </if>
      <if test="created != null">
        created,
      </if>
      <if test="checked != null">
        checked,
      </if>
    </trim>
    <trim prefix="values (" suffix=")" suffixOverrides=",">
      <if test="id != null">
        #{id,jdbcType=BIGINT},
      </if>
      <if test="userId != null">
        #{userId,jdbcType=BIGINT},
      </if>
      <if test="skuId != null">
        #{skuId,jdbcType=BIGINT},
      </if>
      <if test="title != null">
        #{title,jdbcType=VARCHAR},
      </if>
      <if test="image != null">
        #{image,jdbcType=VARCHAR},
      </if>
      <if test="price != null">
        #{price,jdbcType=INTEGER},
      </if>
      <if test="amount != null">
        #{amount,jdbcType=INTEGER},
      </if>
      <if test="spe != null">
        #{spe,jdbcType=VARCHAR},
      </if>
      <if test="created != null">
        #{created,jdbcType=TIMESTAMP},
      </if>
      <if test="checked != null">
        #{checked,jdbcType=TINYINT},
      </if>
    </trim>
  </insert>
  <select id="countByExample" parameterType="cn.ideal.common.pojo.CommodityCartExample" resultType="java.lang.Long">
    select count(*) from commodity_cart
    <if test="_parameter != null">
      <include refid="Example_Where_Clause" />
    </if>
  </select>
  <update id="updateByExampleSelective" parameterType="map">
    update commodity_cart
    <set>
      <if test="record.id != null">
        id = #{record.id,jdbcType=BIGINT},
      </if>
      <if test="record.userId != null">
        user_id = #{record.userId,jdbcType=BIGINT},
      </if>
      <if test="record.skuId != null">
        sku_id = #{record.skuId,jdbcType=BIGINT},
      </if>
      <if test="record.title != null">
        title = #{record.title,jdbcType=VARCHAR},
      </if>
      <if test="record.image != null">
        image = #{record.image,jdbcType=VARCHAR},
      </if>
      <if test="record.price != null">
        price = #{record.price,jdbcType=INTEGER},
      </if>
      <if test="record.amount != null">
        amount = #{record.amount,jdbcType=INTEGER},
      </if>
      <if test="record.spe != null">
        spe = #{record.spe,jdbcType=VARCHAR},
      </if>
      <if test="record.created != null">
        created = #{record.created,jdbcType=TIMESTAMP},
      </if>
      <if test="record.checked != null">
        checked = #{record.checked,jdbcType=TINYINT},
      </if>
    </set>
    <if test="_parameter != null">
      <include refid="Update_By_Example_Where_Clause" />
    </if>
  </update>
  <update id="updateByExample" parameterType="map">
    update commodity_cart
    set id = #{record.id,jdbcType=BIGINT},
      user_id = #{record.userId,jdbcType=BIGINT},
      sku_id = #{record.skuId,jdbcType=BIGINT},
      title = #{record.title,jdbcType=VARCHAR},
      image = #{record.image,jdbcType=VARCHAR},
      price = #{record.price,jdbcType=INTEGER},
      amount = #{record.amount,jdbcType=INTEGER},
      spe = #{record.spe,jdbcType=VARCHAR},
      created = #{record.created,jdbcType=TIMESTAMP},
      checked = #{record.checked,jdbcType=TINYINT}
    <if test="_parameter != null">
      <include refid="Update_By_Example_Where_Clause" />
    </if>
  </update>
  <update id="updateByPrimaryKeySelective" parameterType="cn.ideal.common.pojo.CommodityCart">
    update commodity_cart
    <set>
      <if test="userId != null">
        user_id = #{userId,jdbcType=BIGINT},
      </if>
      <if test="skuId != null">
        sku_id = #{skuId,jdbcType=BIGINT},
      </if>
      <if test="title != null">
        title = #{title,jdbcType=VARCHAR},
      </if>
      <if test="image != null">
        image = #{image,jdbcType=VARCHAR},
      </if>
      <if test="price != null">
        price = #{price,jdbcType=INTEGER},
      </if>
      <if test="amount != null">
        amount = #{amount,jdbcType=INTEGER},
      </if>
      <if test="spe != null">
        spe = #{spe,jdbcType=VARCHAR},
      </if>
      <if test="created != null">
        created = #{created,jdbcType=TIMESTAMP},
      </if>
      <if test="checked != null">
        checked = #{checked,jdbcType=TINYINT},
      </if>
    </set>
    where id = #{id,jdbcType=BIGINT}
  </update>
  <update id="updateByPrimaryKey" parameterType="cn.ideal.common.pojo.CommodityCart">
    update commodity_cart
    set user_id = #{userId,jdbcType=BIGINT},
      sku_id = #{skuId,jdbcType=BIGINT},
      title = #{title,jdbcType=VARCHAR},
      image = #{image,jdbcType=VARCHAR},
      price = #{price,jdbcType=INTEGER},
      amount = #{amount,jdbcType=INTEGER},
      spe = #{spe,jdbcType=VARCHAR},
      created = #{created,jdbcType=TIMESTAMP},
      checked = #{checked,jdbcType=TINYINT}
    where id = #{id,jdbcType=BIGINT}
  </update>
</mapper>