<?xml version="1.0" encoding="UTF-8"?>
<!DOCTYPE mapper PUBLIC "-//mybatis.org//DTD Mapper 3.0//EN" "http://mybatis.org/dtd/mybatis-3-mapper.dtd">
<mapper namespace="cn.ideal.common.mapper.RelaMerProMapper">
  <resultMap id="BaseResultMap" type="cn.ideal.common.pojo.RelaMerPro">
    <id column="merchant_id" jdbcType="BIGINT" property="merchantId" />
    <id column="productor_id" jdbcType="BIGINT" property="productorId" />
    <result column="merchant_name" jdbcType="VARCHAR" property="merchantName" />
    <result column="productor_name" jdbcType="VARCHAR" property="productorName" />
    <result column="apply_time" jdbcType="TIMESTAMP" property="applyTime" />
    <result column="agree_time" jdbcType="TIMESTAMP" property="agreeTime" />
    <result column="status" jdbcType="TINYINT" property="status" />
  </resultMap>
  <sql id="Example_Where_Clause">
    <where>
      <foreach collection="oredCriteria" item="criteria" separator="or">
        <if test="criteria.valid">
          <trim prefix="(" prefixOverrides="and" suffix=")">
            <foreach collection="criteria.criteria" item="criterion">
              <choose>
                <when test="criterion.noValue">
                  and ${criterion.condition}
                </when>
                <when test="criterion.singleValue">
                  and ${criterion.condition} #{criterion.value}
                </when>
                <when test="criterion.betweenValue">
                  and ${criterion.condition} #{criterion.value} and #{criterion.secondValue}
                </when>
                <when test="criterion.listValue">
                  and ${criterion.condition}
                  <foreach close=")" collection="criterion.value" item="listItem" open="(" separator=",">
                    #{listItem}
                  </foreach>
                </when>
              </choose>
            </foreach>
          </trim>
        </if>
      </foreach>
    </where>
  </sql>
  <sql id="Update_By_Example_Where_Clause">
    <where>
      <foreach collection="example.oredCriteria" item="criteria" separator="or">
        <if test="criteria.valid">
          <trim prefix="(" prefixOverrides="and" suffix=")">
            <foreach collection="criteria.criteria" item="criterion">
              <choose>
                <when test="criterion.noValue">
                  and ${criterion.condition}
                </when>
                <when test="criterion.singleValue">
                  and ${criterion.condition} #{criterion.value}
                </when>
                <when test="criterion.betweenValue">
                  and ${criterion.condition} #{criterion.value} and #{criterion.secondValue}
                </when>
                <when test="criterion.listValue">
                  and ${criterion.condition}
                  <foreach close=")" collection="criterion.value" item="listItem" open="(" separator=",">
                    #{listItem}
                  </foreach>
                </when>
              </choose>
            </foreach>
          </trim>
        </if>
      </foreach>
    </where>
  </sql>
  <sql id="Base_Column_List">
    merchant_id, productor_id, merchant_name, productor_name, apply_time, agree_time, 
    status
  </sql>
  <select id="selectByExample" parameterType="cn.ideal.common.pojo.RelaMerProExample" resultMap="BaseResultMap">
    select
    <if test="distinct">
      distinct
    </if>
    <include refid="Base_Column_List" />
    from rela_mer_pro
    <if test="_parameter != null">
      <include refid="Example_Where_Clause" />
    </if>
    <if test="orderByClause != null">
      order by ${orderByClause}
    </if>
  </select>
  <select id="selectByPrimaryKey" parameterType="cn.ideal.common.pojo.RelaMerProKey" resultMap="BaseResultMap">
    select 
    <include refid="Base_Column_List" />
    from rela_mer_pro
    where merchant_id = #{merchantId,jdbcType=BIGINT}
      and productor_id = #{productorId,jdbcType=BIGINT}
  </select>
  <delete id="deleteByPrimaryKey" parameterType="cn.ideal.common.pojo.RelaMerProKey">
    delete from rela_mer_pro
    where merchant_id = #{merchantId,jdbcType=BIGINT}
      and productor_id = #{productorId,jdbcType=BIGINT}
  </delete>
  <delete id="deleteByExample" parameterType="cn.ideal.common.pojo.RelaMerProExample">
    delete from rela_mer_pro
    <if test="_parameter != null">
      <include refid="Example_Where_Clause" />
    </if>
  </delete>
  <insert id="insert" parameterType="cn.ideal.common.pojo.RelaMerPro">
    insert into rela_mer_pro (merchant_id, productor_id, merchant_name, 
      productor_name, apply_time, agree_time, 
      status)
    values (#{merchantId,jdbcType=BIGINT}, #{productorId,jdbcType=BIGINT}, #{merchantName,jdbcType=VARCHAR}, 
      #{productorName,jdbcType=VARCHAR}, #{applyTime,jdbcType=TIMESTAMP}, #{agreeTime,jdbcType=TIMESTAMP}, 
      #{status,jdbcType=TINYINT})
  </insert>
  <insert id="insertSelective" parameterType="cn.ideal.common.pojo.RelaMerPro">
    insert into rela_mer_pro
    <trim prefix="(" suffix=")" suffixOverrides=",">
      <if test="merchantId != null">
        merchant_id,
      </if>
      <if test="productorId != null">
        productor_id,
      </if>
      <if test="merchantName != null">
        merchant_name,
      </if>
      <if test="productorName != null">
        productor_name,
      </if>
      <if test="applyTime != null">
        apply_time,
      </if>
      <if test="agreeTime != null">
        agree_time,
      </if>
      <if test="status != null">
        status,
      </if>
    </trim>
    <trim prefix="values (" suffix=")" suffixOverrides=",">
      <if test="merchantId != null">
        #{merchantId,jdbcType=BIGINT},
      </if>
      <if test="productorId != null">
        #{productorId,jdbcType=BIGINT},
      </if>
      <if test="merchantName != null">
        #{merchantName,jdbcType=VARCHAR},
      </if>
      <if test="productorName != null">
        #{productorName,jdbcType=VARCHAR},
      </if>
      <if test="applyTime != null">
        #{applyTime,jdbcType=TIMESTAMP},
      </if>
      <if test="agreeTime != null">
        #{agreeTime,jdbcType=TIMESTAMP},
      </if>
      <if test="status != null">
        #{status,jdbcType=TINYINT},
      </if>
    </trim>
  </insert>
  <select id="countByExample" parameterType="cn.ideal.common.pojo.RelaMerProExample" resultType="java.lang.Long">
    select count(*) from rela_mer_pro
    <if test="_parameter != null">
      <include refid="Example_Where_Clause" />
    </if>
  </select>
  <update id="updateByExampleSelective" parameterType="map">
    update rela_mer_pro
    <set>
      <if test="record.merchantId != null">
        merchant_id = #{record.merchantId,jdbcType=BIGINT},
      </if>
      <if test="record.productorId != null">
        productor_id = #{record.productorId,jdbcType=BIGINT},
      </if>
      <if test="record.merchantName != null">
        merchant_name = #{record.merchantName,jdbcType=VARCHAR},
      </if>
      <if test="record.productorName != null">
        productor_name = #{record.productorName,jdbcType=VARCHAR},
      </if>
      <if test="record.applyTime != null">
        apply_time = #{record.applyTime,jdbcType=TIMESTAMP},
      </if>
      <if test="record.agreeTime != null">
        agree_time = #{record.agreeTime,jdbcType=TIMESTAMP},
      </if>
      <if test="record.status != null">
        status = #{record.status,jdbcType=TINYINT},
      </if>
    </set>
    <if test="_parameter != null">
      <include refid="Update_By_Example_Where_Clause" />
    </if>
  </update>
  <update id="updateByExample" parameterType="map">
    update rela_mer_pro
    set merchant_id = #{record.merchantId,jdbcType=BIGINT},
      productor_id = #{record.productorId,jdbcType=BIGINT},
      merchant_name = #{record.merchantName,jdbcType=VARCHAR},
      productor_name = #{record.productorName,jdbcType=VARCHAR},
      apply_time = #{record.applyTime,jdbcType=TIMESTAMP},
      agree_time = #{record.agreeTime,jdbcType=TIMESTAMP},
      status = #{record.status,jdbcType=TINYINT}
    <if test="_parameter != null">
      <include refid="Update_By_Example_Where_Clause" />
    </if>
  </update>
  <update id="updateByPrimaryKeySelective" parameterType="cn.ideal.common.pojo.RelaMerPro">
    update rela_mer_pro
    <set>
      <if test="merchantName != null">
        merchant_name = #{merchantName,jdbcType=VARCHAR},
      </if>
      <if test="productorName != null">
        productor_name = #{productorName,jdbcType=VARCHAR},
      </if>
      <if test="applyTime != null">
        apply_time = #{applyTime,jdbcType=TIMESTAMP},
      </if>
      <if test="agreeTime != null">
        agree_time = #{agreeTime,jdbcType=TIMESTAMP},
      </if>
      <if test="status != null">
        status = #{status,jdbcType=TINYINT},
      </if>
    </set>
    where merchant_id = #{merchantId,jdbcType=BIGINT}
      and productor_id = #{productorId,jdbcType=BIGINT}
  </update>
  <update id="updateByPrimaryKey" parameterType="cn.ideal.common.pojo.RelaMerPro">
    update rela_mer_pro
    set merchant_name = #{merchantName,jdbcType=VARCHAR},
      productor_name = #{productorName,jdbcType=VARCHAR},
      apply_time = #{applyTime,jdbcType=TIMESTAMP},
      agree_time = #{agreeTime,jdbcType=TIMESTAMP},
      status = #{status,jdbcType=TINYINT}
    where merchant_id = #{merchantId,jdbcType=BIGINT}
      and productor_id = #{productorId,jdbcType=BIGINT}
  </update>
</mapper>