<?xml version="1.0" encoding="UTF-8"?>
<beans xmlns="http://www.springframework.org/schema/beans"
	xmlns:context="http://www.springframework.org/schema/context" xmlns:p="http://www.springframework.org/schema/p"
	xmlns:aop="http://www.springframework.org/schema/aop" xmlns:tx="http://www.springframework.org/schema/tx"
	xmlns:xsi="http://www.w3.org/2001/XMLSchema-instance"
	xsi:schemaLocation="http://www.springframework.org/schema/beans http://www.springframework.org/schema/beans/spring-beans-4.2.xsd
	http://www.springframework.org/schema/context http://www.springframework.org/schema/context/spring-context-4.2.xsd
	http://www.springframework.org/schema/aop http://www.springframework.org/schema/aop/spring-aop-4.2.xsd http://www.springframework.org/schema/tx http://www.springframework.org/schema/tx/spring-tx-4.2.xsd
	http://www.springframework.org/schema/util http://www.springframework.org/schema/util/spring-util-4.2.xsd">
	
	<!-- JMS服务厂商提供的ConnectionFactory -->
	<bean id="targetConnectionFactory" class="org.apache.activemq.ActiveMQConnectionFactory">
		<constructor-arg name="brokerURL" value="tcp://192.168.25.168:61616"/>
	</bean>
	<!-- spring对象ConnectionFactory的封装 -->
	<bean id="connectionFactory" class="org.springframework.jms.connection.SingleConnectionFactory">
		<property name="targetConnectionFactory" ref="targetConnectionFactory"></property>
	</bean>
	<!-- 配置JMSTemplate -->
	<bean id="jmsTemplate" class="org.springframework.jms.core.JmsTemplate">
		<property name="connectionFactory" ref="connectionFactory"/>
	</bean>
	<!-- 配置消息的Destination对象 -->
	<bean id="test-queue" class="org.apache.activemq.command.ActiveMQQueue">
		<constructor-arg name="name" value="test-queue"></constructor-arg>
	</bean>
	<bean id="itemAddTopic" class="org.apache.activemq.command.ActiveMQTopic">
		<constructor-arg name="name" value="item-add-topic"></constructor-arg>
	</bean>

	<bean id="customMessageListener" class="cn.ideal.search.listener.CustomMessageListener"/>
	<bean class="org.springframework.jms.listener.DefaultMessageListenerContainer">
		<property name="connectionFactory" ref="connectionFactory" />
		<property name="destination" ref="test-queue" />
		<property name="messageListener" ref="customMessageListener" />
	</bean>
	<bean id="itemAddMessageListener" class="cn.ideal.search.listener.ItemAddMessageListener"/>
	<bean class="org.springframework.jms.listener.DefaultMessageListenerContainer">
		<property name="connectionFactory" ref="connectionFactory" />
		<property name="destination" ref="itemAddTopic" />
		<property name="messageListener" ref="itemAddMessageListener" />
	</bean>
</beans>