<?xml version="1.0" encoding="UTF-8"?>
<beans xmlns="http://www.springframework.org/schema/beans"
       xmlns:context="http://www.springframework.org/schema/context" xmlns:p="http://www.springframework.org/schema/p"
       xmlns:aop="http://www.springframework.org/schema/aop" xmlns:tx="http://www.springframework.org/schema/tx"
       xmlns:xsi="http://www.w3.org/2001/XMLSchema-instance"
       xsi:schemaLocation="http://www.springframework.org/schema/beans http://www.springframework.org/schema/beans/spring-beans-4.2.xsd
	http://www.springframework.org/schema/context http://www.springframework.org/schema/context/spring-context-4.2.xsd
	http://www.springframework.org/schema/aop http://www.springframework.org/schema/aop/spring-aop-4.2.xsd http://www.springframework.org/schema/tx http://www.springframework.org/schema/tx/spring-tx-4.2.xsd
	http://www.springframework.org/schema/util http://www.springframework.org/schema/util/spring-util-4.2.xsd">

    <context:annotation-config/>
    <!-- redis单机版 -->
    <bean id="jedisPool" class="redis.clients.jedis.JedisPool">
        <constructor-arg name="host" value="39.105.163.90"/>
        <constructor-arg name="port" value="6379"/>
    </bean>
    <bean id="jedisClientPool" class="cn.ideal.jedis.JedisClientPool"/>
    <!-- redis集群 -->
    <!-- <bean id="jedisCluster" class="redis.clients.jedis.JedisCluster">
        <constructor-arg>
            <set>
                <bean class="redis.clients.jedis.HostAndPort">
                    <constructor-arg name="host" value="39.105.163.90"/>
                    <constructor-arg name="port" value="7001"/>
                </bean>
                <bean class="redis.clients.jedis.HostAndPort">
                    <constructor-arg name="host" value="39.105.163.90"/>
                    <constructor-arg name="port" value="7002"/>
                </bean>
                <bean class="redis.clients.jedis.HostAndPort">
                    <constructor-arg name="host" value="39.105.163.90"/>
                    <constructor-arg name="port" value="7003"/>
                </bean>
                <bean class="redis.clients.jedis.HostAndPort">
                    <constructor-arg name="host" value="39.105.163.90"/>
                    <constructor-arg name="port" value="7004"/>
                </bean>
                <bean class="redis.clients.jedis.HostAndPort">
                    <constructor-arg name="host" value="39.105.163.90"/>
                    <constructor-arg name="port" value="7005"/>
                </bean>
                <bean class="redis.clients.jedis.HostAndPort">
                    <constructor-arg name="host" value="39.105.163.90"/>
                    <constructor-arg name="port" value="7006"/>
                </bean>
            </set>
        </constructor-arg>
    </bean>
    <bean id="jedisClientCluster" class="com.taotao.jedis.JedisClientCluster"/> -->
</beans>